{
    "type": "dataset",
    "name": "Postpay PayPerByte Dataset Download",
    "overview": "Overview details for asset",
    "description": "Overview Provide a brief description of your dataset. Overview Provide a brief description of your dataset.",
    "assetUrl": "https://raw.githubusercontent.com/krisliew/Utility-for-fun/master/heart.csv",
    "tags": ["test-tag"],
    "categories": ["Energy"],
    "accessPermission": "allow",
    "author": "SHivamD",
    "timeout": 86400,
    "isExperimental": true,
    "eulaUrl": "https://google.com",
    "serviceType": "access",
    "serviceEndpoint": "https://provider.dev-v3.acentrik.io",
    "priceType": "Post-pay",
    "postPayType": "payPerByte",
    "postPayTokenSymbol": "USDC",
    "postPayPriceValue": "6",
    "price": "11"
  }
  
  