{
  "type": "dataset",
  "name": "[SDK] ShivamD Sample data set free with Fee",
  "overview": "This is a short description textarea, please provide a text with at least 100 characters and at most 300 characters",
  "description": "This is a long description textarea, please provide a text with at least 100 characters and at most 5000 characters with Daring Fireball markdown [Daring Fireball](https://daringfireball.net/)",
  "assetUrl": "https://raw.githubusercontent.com/krisliew/Utility-for-fun/master/heart.csv",
  "tags": ["test", "sdk"],
  "categories": ["Blockchain"],
  "accessPermission": "allow",
  "author": "-",
  "timeout": 3600,
  "timeoutDurationType": "hour(s)",
  "isExperimental": true,
  "sampleFileUrl": "https://www.google.com",
  "eulaUrl": "https://google.com",
  "serviceType": "access",
  "serviceEndpoint": "Default Edge Node Fee",
  "alternateWalletAddress": "",
  "httpHeaders": [
    {
      "key": "",
      "value": ""
    }
  ],
  "consumerParameters": [
    {
      "name": "",
      "type": "",
      "label": "",
      "default": "",
      "description": "",
      "required": true
    }
  ]
}
