{
    "description": "This is a long description textarea, please provide a text with at least 100 characters and at most 5000 characters with Daring Fireball markdown [Daring Fireball](https://daringfireball.net/)",
    "assetUrl": "https://raw.githubusercontent.com/sd100596/randomDataset/main/dataset1.csv",
    "serviceEndpoint": "Default Edge Node",
    "timeout": "3",
    "timeoutDurationType": "day(s)",
    "sampleFileUrl": "https://google.com",
    "isExperimental": false,
    "alternateWalletAddress": "",
    "httpHeaders": [
        {
          "key": "",
          "value": ""
        }
      ],
      "consumerParameters": [
        {
          "name": "",
          "type": "",
          "label": "",
          "default": "",
          "description": "",
          "required": true
        }
      ]
  }
  