{
  "Version": "2012-10-17",
  "Statement": [
    {
      "Effect": "Allow",
      "Principal": {
        "Service": "es.amazonaws.com"
      },
      "Action": [
        "logs:CreateLogStream",
        "logs:PutLogEvents",
        "logs:PutLogEventsBatch"
      ],
      "Resource": "arn:aws:logs:{{region}}:{{account_id}}:log-group:/aws/opensearch/*:*",
      "Condition": {
        "ArnLike": {
          "aws:SourceArn": "arn:aws:es:{{region}}:{{account_id}}:domain/*"
        },
        "StringEquals": {
          "aws:SourceAccount": "{{account_id}}"
        }
      }
    }
  ]
}