{
  "Version": "2012-10-17",
  "Statement": [
    {
      "Effect": "Allow",
      "Principal": {
        "Service": "delivery.logs.amazonaws.com"
      },
      "Action": [
        "logs:CreateLogStream",
        "logs:PutLogEvents"
      ],
      "Resource": "arn:aws:logs:us-east-1:{{account_id}}:log-group:aws-waf-logs-*:*",
      "Condition": {
        "ArnLike": {
          "aws:SourceArn": "arn:aws:logs:us-east-1:{{account_id}}:*"
        },
        "StringEquals": {
          "aws:SourceAccount": "{{account_id}}"
        }
      }
    }
  ]
}