[{"timestamp":1635850183718,"files":[{"filename":"page-data/404.html","previous":0,"size":0,"diff":0},{"filename":"render-page.js","previous":3423264,"size":0,"diff":-3423264},{"filename":"storybook/0.d46952c1.iframe.bundle.js","previous":11206,"size":0,"diff":-11206},{"filename":"storybook/0.fa5b825408c1bbe07b93.manager.bundle.js","previous":18831,"size":0,"diff":-18831},{"filename":"storybook/4.16d20783.iframe.bundle.js","previous":17868,"size":0,"diff":-17868},{"filename":"storybook/4.36f2eeef8b401cb1dc98.manager.bundle.js","previous":30493,"size":0,"diff":-30493},{"filename":"storybook/5.ca89557ed7f3f1601cd7.manager.bundle.js","previous":40232,"size":0,"diff":-40232},{"filename":"storybook/6.5f8553b68f6ad0947669.manager.bundle.js","previous":2504,"size":0,"diff":-2504},{"filename":"storybook/7.e216b784f65be0bd964e.manager.bundle.js","previous":527,"size":0,"diff":-527},{"filename":"storybook/main.3f66c0e1.iframe.bundle.js","previous":196339,"size":0,"diff":-196339},{"filename":"storybook/main.dd372282952c2cbf9c05.manager.bundle.js","previous":169,"size":0,"diff":-169},{"filename":"storybook/runtime~main.c1148248.iframe.bundle.js","previous":1512,"size":0,"diff":-1512},{"filename":"storybook/runtime~main.c2b3d5a21fef34b35b21.manager.bundle.js","previous":1598,"size":0,"diff":-1598},{"filename":"storybook/vendors~main.32e718f77ea3bad92d7e.manager.bundle.js","previous":646144,"size":0,"diff":-646144},{"filename":"storybook/vendors~main.5841b64d.iframe.bundle.js","previous":2041448,"size":0,"diff":-2041448},{"filename":"styles.9049309303dc3c8f07c6.css","previous":0,"size":53336,"diff":53336},{"filename":"styles-********************.js","previous":0,"size":120,"diff":120},{"filename":"4208883732c636ee96948e427339ea594f8738c6-********************.js","previous":0,"size":5829,"diff":5829},{"filename":"1e95807fb0f2283142a8cc90c7e12cd4a9abec2f-********************.js","previous":0,"size":6559,"diff":6559},{"filename":"dbcfb1e240f9f37df001b7389d3964183b5c4222-********************.js","previous":0,"size":13385,"diff":13385},{"filename":"d7f88ad7a3127ca3582d95c31d06a01b238f99dc-********************.js","previous":0,"size":8079,"diff":8079},{"filename":"40c23b39f0a9d72e48ca4b45227598f15a7619c9-********************.js","previous":0,"size":6959,"diff":6959},{"filename":"91956754a80d3fbf993da18978e93c877a9f1e14-********************.js","previous":0,"size":5404,"diff":5404},{"filename":"25b66041f46b07e23240d7d8a54fe43aa8a1915c-********************.js","previous":0,"size":3734,"diff":3734},{"filename":"3de0dcf0282a3aff718412ded7d25f1bddc16684-********************.js","previous":0,"size":3796,"diff":3796},{"filename":"a14803e5ee6c598c66fa33b1b348186bc5ce2185-********************.js","previous":0,"size":32937,"diff":32937},{"filename":"8e65ece7bec7a1c570fb7500588f48866d92090c-********************.js","previous":0,"size":3470,"diff":3470},{"filename":"8f56bb58c7979fec440f880f6de7af055e25febe-********************.js","previous":0,"size":7509,"diff":7509},{"filename":"component---src-pages-landingpage-components-infographic-intro-acentrik-infographic-tsx-********************.js","previous":0,"size":9308,"diff":9308},{"filename":"d55d2a57-********************.js","previous":0,"size":19933,"diff":19933},{"filename":"0f95d00fa7c473145c59187c6e56799865c4de58-********************.js","previous":0,"size":11171,"diff":11171},{"filename":"100019b7cb0150ce72936efd978af81799bb4e15-********************.js","previous":0,"size":8201,"diff":8201},{"filename":"3a9537fdf83155f2d6600dc5bb6868b6ae4e1dae-********************.js","previous":0,"size":5019,"diff":5019},{"filename":"938349e5bf16dc2523ea4bed01142cb82ffc0f54-********************.js","previous":0,"size":2942,"diff":2942},{"filename":"9557fd20b34af12524f3f265579adebd523b22c1-********************.js","previous":0,"size":6334,"diff":6334},{"filename":"component---src-pages-landingpage-section-buy-tsx-********************.js","previous":0,"size":3086,"diff":3086},{"filename":"component---src-pages-landingpage-section-sell-tsx-********************.js","previous":0,"size":3002,"diff":3002},{"filename":"efe2bcaab99dd9933fa1558fddde56df3728a97d-********************.js","previous":0,"size":2657,"diff":2657},{"filename":"3b850bd223c076be4676d72696b63e7b74721f34-********************.js","previous":0,"size":8603,"diff":8603},{"filename":"6bc3c7f1469f75b30a8a8f452b9ef211a1321344-********************.js","previous":0,"size":5876,"diff":5876},{"filename":"a5dfb54a4547ce3975005cc471e8dc7523ce99e8-********************.js","previous":0,"size":13751,"diff":13751},{"filename":"component---src-pages-computetodata-section-benefits-tsx-********************.js","previous":0,"size":5702,"diff":5702},{"filename":"component---src-pages-landingpage-index-tsx-********************.js","previous":0,"size":4841,"diff":4841},{"filename":"f17d9a45bba936326b8a4dfd13625a04d4f41b4a-********************.js","previous":0,"size":19042,"diff":19042},{"filename":"webpack-runtime-********************.js","previous":0,"size":4279,"diff":4279},{"filename":"29-********************.js","previous":0,"size":6706,"diff":6706},{"filename":"0a6e12db-********************.js","previous":0,"size":202963,"diff":202963},{"filename":"4a3ea9cd-********************.js","previous":0,"size":52967,"diff":52967},{"filename":"6a7a2573-********************.js","previous":0,"size":13207,"diff":13207},{"filename":"91472edf-********************.js","previous":0,"size":29907,"diff":29907},{"filename":"a318827e-********************.js","previous":0,"size":91829,"diff":91829},{"filename":"a782ee47-********************.js","previous":0,"size":28504,"diff":28504},{"filename":"app-********************.js","previous":0,"size":983527,"diff":983527},{"filename":"b0df9735-********************.js","previous":0,"size":31570,"diff":31570},{"filename":"component---src-components-templates-page-markdown-tsx-********************.js","previous":0,"size":1026,"diff":1026},{"filename":"component---src-pages-404-tsx-********************.js","previous":0,"size":1349,"diff":1349},{"filename":"component---src-pages-activation-success-tsx-********************.js","previous":0,"size":1841,"diff":1841},{"filename":"component---src-pages-asset-index-tsx-********************.js","previous":0,"size":48727,"diff":48727},{"filename":"component---src-pages-changepassword-tsx-********************.js","previous":0,"size":3826,"diff":3826},{"filename":"component---src-pages-computetodata-components-section-container-section-container-tsx-********************.js","previous":0,"size":732,"diff":732},{"filename":"component---src-pages-computetodata-index-tsx-********************.js","previous":0,"size":3132,"diff":3132},{"filename":"component---src-pages-computetodata-section-c-intro-tsx-********************.js","previous":0,"size":1652,"diff":1652},{"filename":"component---src-pages-computetodata-section-contact-engagement-tsx-********************.js","previous":0,"size":1655,"diff":1655},{"filename":"component---src-pages-computetodata-section-how-it-works-tsx-********************.js","previous":0,"size":2203,"diff":2203},{"filename":"component---src-pages-computetodata-section-info-graph-tsx-********************.js","previous":0,"size":928,"diff":928},{"filename":"component---src-pages-contact-index-tsx-********************.js","previous":0,"size":43374,"diff":43374},{"filename":"component---src-pages-demandboard-tsx-********************.js","previous":0,"size":216,"diff":216},{"filename":"component---src-pages-demandprofile-index-tsx-********************.js","previous":0,"size":1964,"diff":1964},{"filename":"component---src-pages-domains-components-actions-link-tsx-********************.js","previous":0,"size":1766,"diff":1766},{"filename":"component---src-pages-domains-index-tsx-********************.js","previous":0,"size":3840,"diff":3840},{"filename":"component---src-pages-faq-index-tsx-********************.js","previous":0,"size":2878,"diff":2878},{"filename":"component---src-pages-forgot-tsx-********************.js","previous":0,"size":1967,"diff":1967},{"filename":"component---src-pages-history-tsx-********************.js","previous":0,"size":265,"diff":265},{"filename":"component---src-pages-index-tsx-********************.js","previous":0,"size":9121,"diff":9121},{"filename":"component---src-pages-landingpage-asset-section-tsx-********************.js","previous":0,"size":3380,"diff":3380},{"filename":"component---src-pages-landingpage-components-navigation-section-navigation-item-tsx-********************.js","previous":0,"size":647,"diff":647},{"filename":"component---src-pages-landingpage-components-navigation-section-navigation-tsx-********************.js","previous":0,"size":1134,"diff":1134},{"filename":"component---src-pages-landingpage-components-section-container-section-container-tsx-********************.js","previous":0,"size":613,"diff":613},{"filename":"component---src-pages-landingpage-helper-const-ts-********************.js","previous":0,"size":253,"diff":253},{"filename":"component---src-pages-landingpage-helper-styles-tsx-********************.js","previous":0,"size":279,"diff":279},{"filename":"component---src-pages-landingpage-hooks-use-viewport-check-tsx-********************.js","previous":0,"size":743,"diff":743},{"filename":"component---src-pages-landingpage-section-about-us-tsx-********************.js","previous":0,"size":2216,"diff":2216},{"filename":"component---src-pages-landingpage-section-cta-tsx-********************.js","previous":0,"size":1604,"diff":1604},{"filename":"component---src-pages-landingpage-section-hero-tsx-********************.js","previous":0,"size":2047,"diff":2047},{"filename":"component---src-pages-landingpage-section-intro-tsx-********************.js","previous":0,"size":2177,"diff":2177},{"filename":"component---src-pages-landingpage-section-partner-tsx-********************.js","previous":0,"size":1223,"diff":1223},{"filename":"component---src-pages-landingpage-section-testimonial-tsx-********************.js","previous":0,"size":1223,"diff":1223},{"filename":"component---src-pages-login-tsx-********************.js","previous":0,"size":2651,"diff":2651},{"filename":"component---src-pages-publish-tsx-********************.js","previous":0,"size":8813,"diff":8813},{"filename":"component---src-pages-published-tsx-********************.js","previous":0,"size":8836,"diff":8836},{"filename":"component---src-pages-purchased-tsx-********************.js","previous":0,"size":14719,"diff":14719},{"filename":"component---src-pages-reset-tsx-********************.js","previous":0,"size":2979,"diff":2979},{"filename":"component---src-pages-roles-index-tsx-********************.js","previous":0,"size":3943,"diff":3943},{"filename":"component---src-pages-search-tsx-********************.js","previous":0,"size":9287,"diff":9287},{"filename":"component---src-pages-signup-tsx-********************.js","previous":0,"size":6950,"diff":6950},{"filename":"component---src-pages-storage-tsx-********************.js","previous":0,"size":264,"diff":264},{"filename":"component---src-pages-userinfo-tsx-********************.js","previous":0,"size":1849,"diff":1849},{"filename":"component---src-pages-users-tsx-********************.js","previous":0,"size":3803,"diff":3803},{"filename":"component---src-pages-validation-success-tsx-********************.js","previous":0,"size":2638,"diff":2638},{"filename":"d0d076c4-********************.js","previous":0,"size":113000,"diff":113000},{"filename":"df9986eb-********************.js","previous":0,"size":36295,"diff":36295},{"filename":"framework-********************.js","previous":0,"size":42015,"diff":42015},{"filename":"polyfill-********************.js","previous":0,"size":27324,"diff":27324},{"filename":"87-********************.js","previous":0,"size":13100,"diff":13100},{"filename":"88-********************.js","previous":0,"size":3140,"diff":3140}]}]
