{
    "description": "Add new demand request.",
    "form": {
      "success": "🎉 Successfully updated. 🎉",
      "successAction": "Close",
      "error": "Request failed.",
      "data": [
        {
          "name": "title",
          "label": "Title",
          "placeholder": "",
          "help": "Enter a concise title.",
          "required": true
        },
        {
          "name": "description",
          "label": "Description",
          "help": "Add a thorough description with as much detail as possible.",
          "type": "textarea",
          "rows": 2,
          "required": true
        },
        {
          "name": "purpose",
          "label": "Why do you need it?",
          "help": "Write about the purpose of the data.",
          "type": "textarea",
          "rows": 1,
          "required": false
        },
        {
          "name": "category",
          "label": "Which category does the required asset fall under?",
          "help": "Select a Category.",
          "type": "select",
          "options": ["Automotive", "Others"],
          "sortOptions": false,
          "required": false
        },
        {
          "name": "accessType",
          "label": "What type of access type do you require?",
          "help": "Select a Asset Type.",
          "type": "select",
          "options": ["Compute", "Download", "Algorithm"],
          "sortOptions": false,
          "required": true
        },
        {
          "name": "region",
          "label": "Does the asset need to be from a specific location/region?",
          "help": "Select a Asset Type.",
          "type": "select",
          "options": ["Region 1", "Region 2"],
          "sortOptions": false,
          "required": false
        },
        {
          "name": "source",
          "label": "What is the source of the asset?",
          "placeholder": "e.g. Open to all",
          "help": "Enter the source of the asset",
          "required": false
        }
      ]
    }
  }
  