{
  "title": "Change Password",
  "description": "Change password",
  "form": {
    "title": "Change Password",
    "data": [
      {
        "name": "currentPassword",
        "label": "Current Password",
        "placeholder": "Current password",
        "help": "Input current password",
        "type": "password",
        "required": true
      },
      {
        "name": "password",
        "label": "New Password",
        "placeholder": "My password",
        "help": "Input your new password",
        "type": "password",
        "required": true,
        "passwordPolicies": [
          {
            "name": "PasswordLowerCase",
            "title": "One lowercase character"
          },
          {
            "name": "PasswordSpecial",
            "title": "One special character"
          },
          {
            "name": "PasswordUpperCase",
            "title": "One uppercase character"
          },
          {
            "name": "PasswordNumber",
            "title": "One numeric character"
          },
          {
            "name": "PasswordLength",
            "title": "Fifteen characters minimum"
          }
        ]
      },
      {
        "name": "passwordConfirmation",
        "label": "Confirm Password",
        "placeholder": "My password",
        "help": "Input the same new password",
        "type": "password",
        "required": true
      }
    ],
    "success": "Change Successful!"
  }
}
