{
  "title": "Edit advanced settings",
  "description": "",
  "form": {
    "success": "🎉 Successfully updated. 🎉",
    "successAction": "Close",
    "error": "Updating DDO failed.",
    "warningMessage": "By submitting changes on this page, it will affect data consumers with existing access to this asset.",
    "data": [
      {
        "name": "isOrderDisabled",
        "label": "Asset status",
        "help": "Disable dataset being download or compute when dataset undergoing maintenance.",
        "type": "shortToggleButton",
        "options": ["Active", "Inactive"],
        "required": true
      }
    ]
  }
}
