{
  "title": "Frequently Asked Questions",
  "description": "Frequently Asked Questions",
  "data": [
    {
      "key": "getting-started",
      "category": "Getting Started Info",
      "posts": [
        {
          "key": "recommendation",
          "question": "What browser and device are recommended to use Acentrik?",
          "answer": "For a better marketplace experience, we recommend to use desktop web-browsers such as Mozilla Firefox, Google Chrome and Brave."
        },
        {
          "key": "support-network",
          "question": "What are the supported networks on Acentrik?",
          "answer": "Acentrik currently uses Polygon Mainnet for Production. For more information on connecting to the Polygon Mainnet, there are further instructions on our starter kit [here](/help/en-us/)."
        },
        {
          "key": "type-of-wallet",
          "question": "What type of Wallets can be used and can I connect multiple wallets to the platform?",
          "answer": "A Web3 compatible Wallet such as MetaMask or equivalent can be used on the platform. You can also connect and switch to multiple wallets, from your Web3 wallet extension."
        },
        {
          "key": "registration-process",
          "question": "What should I expect for the registration process?",
          "answer": "Register for an account with us by clicking on the “Sign Up” button at the top of the page. Upon submission of your registration, kindly give our Support Team 1 – 2 business days to verify. Our Support Team will reach out via email on your onboarding next steps."
        },
        {
          "key": "questions",
          "question": "I have other questions, how do I reach out to the Support Team?",
          "answer": "You may email Acentrik’s Support Team [here](/contact-us) for further assistance."
        }
      ]
    },
    {
      "key": "my-account",
      "category": "My Account",
      "posts": [
        {
          "key": "history-purchases-and-publishes",
          "question": "How can I see the history of my data purchases and publications?",
          "answer": "You can view the history of your downloads and publications in your account. In your profile (access by clicking on the profile icon located at the top right of the page), you can view “Purchased Assets” with “Download” and “Compute Jobs” tabs and “Published Assets”."
        },
        {
          "key": "subscription-plan",
          "question": "What types of subscription plans are available on the platform?",
          "answer": "Currently we are working on subscription fees for the various users on our platform and updates will be further communicated."
        },
        {
          "key": "my-roles",
          "question": "What are my roles on the marketplace?",
          "answer": "On Acentrik there are two types of user roles – publishing and/or consuming. To ensure qualified transactions, only upon account validation with an endorsed enterprise contract, your user role will be assigned based on your contract administrator’s preference."
        }
      ]
    },

    {
      "key": "data-asset",
      "category": "Data Assets",
      "posts": [
        {
          "key": "marketplace-data",
          "question": "Is it just automotive data that is found on the marketplace?",
          "answer": "Acentrik is domain agnostic – which means that we are not bound by a particular industry for data assets available on the marketplace."
        },
        {
          "key": "algorithm-accessibility",
          "question": "What does it mean as the status of Algorithm as Public or Private?",
          "answer": "An Algorithm can either be Public or Private. By making an Algorithm Public, Data Consumers can download a copy of the Algorithm and/or also use it paired with a compatible Dataset. By making an Algorithm Private, Data Consumers can only use this Algorithm if paired with a compatible Dataset published in the same edge computing node. For more information you can read on the various types of data assets [here](/help/en-us/)."
        },
        {
          "key": "asset-management-token",
          "question": "What are Asset Management Tokens?",
          "answer": "An Asset Management Token on Acentrik represents your control to your Asset on the marketplace. By publishing your Asset on Acentrik, this token will be stored in the Data Provider’s connected Wallet, as an ERC-721 token."
        },
        {
          "key": "datatoken-transaction",
          "question": "What is a Datatoken and how does it impact on a transaction?",
          "answer": "A Datatoken is a randomized unique identifier for a Data Asset which is held by the Data Provider upon publishing the Asset. When a Data Consumer purchases that Asset, the datatoken is exchanged with the Data Provider, providing access to the Asset securely.\n\nA Datatoken is a randomized unique identifier for a Data Asset. By exchanging datatokens with a Data Provider, it provides access to the Asset securely."
        },
        {
          "key": "connection-statuses",
          "question": "What do the connection statuses in the data asset listing mean?",
          "answer": "The connection statuses that you see in the individual asset card indicate if the data asset is connected to the platform after the system has performed a check. If it is red, the Asset is currently not reachable on the platform. You are still able to purchase the Asset, but transactions on the Blockchain may fail."
        },
        {
          "key": "data-stored",
          "question": "Is there any data stored on the platform?",
          "answer": "No data will be stored on the platform. Only the encrypted metadata is stored on-chain, on the Blockchain network. For more information on the types of data stored on the Blockchain, you can read [here](/help/en-us/)."
        }
      ]
    },

    {
      "key": "data-publishing",
      "category": "Data Publishing",
      "posts": [
        {
          "key": "update-infomation",
          "question": "Can I update information on my data assets after publishing it?",
          "answer": "Yes you can edit selected information of your data assets, from details of your Asset to connectivity of your published Asset. For more information, you can read [here](/help/en-us/)."
        },
        {
          "key": "rejected-sample-dataset-file-format",
          "question": "What are the rejected sample dataset file format?",
          "answer": ".EXE, .SCR, .VBS, .JS, .XML, .DOCM, .XPS, .JAR, .HTML, .HTM, .sh, .so, .o, .bin, .py, .pyc, .php, .asa, .asax, .cer, .swf, .xap"
        },
        {
          "key": "eula",
          "question": "What is an End User License Agreement?",
          "answer": "It is a set of legal details set by you as a Data Provider in highlighting dos and don’ts on consuming your Data Asset. You can either select from our list of open licenses or provide an endpoint link to your custom license. "
        },
        {
          "key": "sale-revenue",
          "question": "Where does my revenue from sale of data assets go to?",
          "answer": "Revenue from the sale of that Data Asset will go to the wallet address used to publish that specific asset. Should you need an alternative revenue account, you can key in another wallet address during publishing or edit it at a later stage. Please note that an alternative revenue account is asset-specific and needs to be applied across other assets as required. "
        }
      ]
    },
    {
      "key": "data-consuming",
      "category": "Data Consuming",
      "posts": [
        {
          "key": "contact-data-provider",
          "question": "How do I contact the Data Provider for further information?",
          "answer": "Please feel free to contact Acentrik’s Support Team [here](/contact-us), and we will be the connecting point for both you and the Data Provider. "
        },
        {
          "key": "compute-output-files-stored",
          "question": "Where are the compute output files stored?",
          "answer": "The compute output files are stored in a private decentralized file system (IPFS For 60 days). If you are using your private edge computing node, the output files will be stored in your enterprise’s relevant storage solutions."
        },
        {
          "key": "transactions-unsuccessful",
          "question": "Can I retry a failed Web3 Wallet transaction during consumption?",
          "answer": "Yes, you can retry a failed transaction during any of the steps of the consumption. By clicking Retry, it will re-trigger at the point where the transaction has failed with additional gas fees incurred. No gas fees will be incurred if the retry is triggered for the step requiring wallet signature and a download or computation will be initiated."
        }
      ]
    },
    {
      "key": "pricing-cost",
      "category": "Pricing and Costs",
      "posts": [
        {
          "key": "transactions-tokens",
          "question": "What tokens are required for transactions on the platform?",
          "answer": "After downloading your preferred Wallet, get started by sending USDC tokens or Matic tokens to it. You can choose to do so by selecting a platform to transfer tokens to your Wallet, such as Coinbase or Moonpay. For more information you can see our starter kit [here](/help/en-us/)."
        },
        {
          "key": "price-my-assets",
          "question": "How can I price my data assets?",
          "answer": "You can price your data free-of-charge, or fix a specific price as a Premium option. Upon selection of either option, you will not be able to edit price type after publishing. However, you can still edit your premium pricing amount after publishing your Asset. \n\nData exchanges are facilitated by USDC, gas fees will also be applicable for data transactions, which are in Matic tokens."
        },
        {
          "key": "costs-incur",
          "question": "What are the overall costs that I will incur in a data exchange?",
          "answer": "It will be the cost of the selected Data Asset, gas fees for each data exchange and transaction fees for the platform."
        },
        {
          "key": "gas-fees",
          "question": "What are gas fees?",
          "answer": "Gas fees are transaction fees to process and validate transactions on a Blockchain network. The amount of gas fees is dependent on the relevant network connected. Please note that the amount changes on a real-time basis."
        }
      ]
    }
  ]
}
