{
  "index": 1,
  "title": "Publish Algorithm",
  "description": "Highlight the important features of your dataset to make it more discoverable and catch the interest of data consumers.",
  "warning": "Given the beta status, publishing on Ropsten or Rinkeby first is strongly recommended. Please familiarize yourself with [the market](https://oceanprotocol.com/technology/marketplaces), [the risks](https://blog.oceanprotocol.com/on-staking-on-data-in-ocean-market-3d8e09eb0a13), and the [Terms of Use](/terms).",
  "form": {
    "asset": "algorithm",
    "title": "Publish",
    "tips": [
      {
        "name": "tips",
        "title": "Almost There...",
        "content": "You are ready to preview and publish your Asset right now. As a tip, more than **90% of data consumers** are persuaded by **Further Details**. We highly recommend you to fill in as much information in that section.",
        "type": "info",
        "step": "2"
      },
      {
        "name": "tips",
        "title": "Well Done!",
        "content": "You are ready to preview and publish your Asset right now!",
        "type": "success",
        "step": "3"
      },
      {
        "name": "tips",
        "title": "Terms & Conditions",
        "content": "",
        "type": "info",
        "step": "4"
      }
    ],
    "data": [
      {
        "previewTitle": "ACCESS TYPE",
        "name": "access",
        "label": "Manage the accessibility of your Asset.",
        "tooltip": "By making an Algorithm Public, Data Consumers can download a copy of the Algorithm and/or also use it paired with a compatible Dataset. By making an Algorithm Private, Data Consumers can only use this Algorithm if paired with a compatible Dataset published using the same edge computing node. For more information, you can see our [Knowledge base article](/help/en-us/) on Types of Data Asset.",
        "help": "Choose how you want your files to be accessible for the specified price.",
        "type": "shortToggleButton",
        "options": ["Public", "Private"],
        "required": true,
        "step": "1",
        "orientation": "vertical",
        "isEditDisabled": true
      },
      {
        "previewTitle": "EDGE COMPUTING NODE",
        "name": "providerName",
        "label": "Edge node",
        "help": "Select which edge computing node will be used to connect to your data asset endpoint. If you would like to set up a private edge computing node for your enterprise, please [click here](/contact-us).",
        "description": "Select which edge computing node will be used to connect to your data asset endpoint. If you would like to set up a private edge computing node for your enterprise, please [click here](/contact-us).",
        "tooltip": "An edge node connects your dataset to the platform. It enables your data to be processed closer to the source.",
        "type": "select",
        "options": [],
        "required": true,
        "placeholder": "Select an edge node infrastructure",
        "step": "1",
        "orientation": "vertical",
        "gridSize": 7,
        "state": { "edit_expanded": "warning" },
        "stateMsg": {
          "edit_expanded": "By selecting another option, you will be required to relink your source URL."
        }
      },
      {
        "previewTitle": "ASSET’S ENDPOINT",
        "name": "files",
        "label": "Provide the link to your Asset's endpoint.",
        "placeholder": "HTTPS://",
        "help": "Please enter the URL to your dataset file and click \"ADD FILE\" to validate the data. This URL will be stored encrypted after publishing.",
        "tooltip": "This URL will be stored encrypted on-chain.",
        "type": "fancyFiles",
        "required": true,
        "step": "1",
        "orientation": "vertical"
      },
      {
        "previewTitle": "Your Data Asset’s NFT",
        "name": "nft",
        "label": "Your Data Asset’s NFT",
        "tooltip": "All metadata is stored on-chain in a newly deployed ERC-721 contract representing this asset, created with this name & symbol.",
        "type": "nft",
        "required": true,
        "gridSize": 12,
        "step": "2",
        "orientation": "vertical"
      },
      {
        "previewTitle": "DATA LISTING TYPE",
        "name": "isExperimental",
        "label": "Data listing type",
        "description": "Select the option of experimental or production as your file type.",
        "tooltip": "If you wish to inform a data consumer that your file is suitable for testing purposes, please select experimental.",
        "type": "shortToggleButton",
        "options": ["Experimental", "Production"],
        "required": true,
        "gridSize": 12,
        "step": "2",
        "orientation": "vertical"
      },
      {
        "previewTitle": "TITLE",
        "name": "name",
        "label": "Dataset title",
        "type": "text",
        "help": "The datatoken for this dataset will be created with this name & symbol.",
        "required": true,
        "step": "2",
        "orientation": "vertical",
        "gridSize": 12,
        "max": 70,
        "tooltip": "The title of your asset should be concise and easily understandable. Please include important information in your title that best labels your asset and avoid abbreviations that are not commonly used. Your title should not contain any personal information."
      },
      {
        "previewTitle": "CATEGORY",
        "name": "category",
        "label": "Category",
        "type": "autoComplete",
        "options": [],
        "description": "Select a category for your Asset from the dropdown menu.",
        "required": true,
        "step": "2",
        "orientation": "vertical",
        "optionCategory": "Industry",
        "optionKey": "name",
        "placeholder": "Select category",
        "gridSize": 7
      },
      {
        "previewTitle": "SHORT DESCRIPTION",
        "name": "shortDescription",
        "label": "How would you describe your Algorithm in two sentences?",
        "description": "Provide a brief description of your dataset.",
        "help": "Add a thorough description with as much detail as possible. You can use [Markdown](https://daringfireball.net/projects/markdown/basics).",
        "type": "textarea",
        "isResizable": false,
        "required": true,
        "step": "2",
        "orientation": "vertical",
        "tooltip": "Please describe your asset succinctly with important information. This description will be visible to users in the explore and buy page, as part of your main asset listing. Your description should not contain any personal information.",
        "max": 300
      },
      {
        "previewTitle": "LONG DESCRIPTION",
        "name": "description",
        "label": "Are there any additional details you would like to include for your Asset?",
        "description": "By adding more information, you can garner greater interest from a prospective Data Consumers. [Markdown](https://daringfireball.net/projects/markdown/basics) (Daring Fireball) is supported.",
        "help": "Add a thorough description with as much detail as possible. You can use [Markdown](https://daringfireball.net/projects/markdown/basics).",
        "type": "editor",
        "required": true,
        "step": "2",
        "orientation": "vertical",
        "tooltip": "We recommend including the points below for an effective description to your asset:<br/>`-`What the data values refer to <br/>`-`Attributes / variables of this asset <br/>`-`Purpose or origination of this asset <br/>`-`Types of data consumers that would be best suited for this asset<br/>Your details should not contain any personal information."
      },
      {
        "previewTitle": "RUNTIME ENVIRONMENT",
        "name": "algo",
        "label": "What is your Asset's runtime environment?",
        "description": "",
        "help": "Choose image to run algorithm if you want to publish an algorithm as asset",
        "type": "select",
        "options": ["nodejs", "python3.7"],
        "optionType": "computeOptions",
        "required": true,
        "step": "2",
        "sortOptions": false,
        "placeholder": "Select runtime environment",
        "orientation": "vertical",
        "combineWith": ["image", "containerTag", "entrypoint"],
        "gridSize": 6,
        "optionKey": "computeOptions"
      },
      {
        "previewTitle": "DOCKER IMAGE URL",
        "name": "image",
        "label": "Docker Image URL",
        "type": "fancyCustomDockerImage",
        "placeholder": "e.g https://example.com/image_path",
        "help": "Provide the name of a public Docker image or the full url if you have it hosted in a 3rd party repo",
        "required": true,
        "step": "2",
        "orientation": "vertical",
        "gridSize": 12,
        "isPartOfCombination": true
      },
      {
        "previewTitle": "DOCKER IMAGE TAG",
        "name": "containerTag",
        "label": "Docker image tag",
        "type": "text",
        "placeholder": "e.g hello-file-latest",
        "help": "Provide the tag for your Docker image.",
        "required": true,
        "step": "2",
        "orientation": "vertical",
        "gridSize": 6,
        "isPartOfCombination": true
      },
      {
        "previewTitle": "DOCKER ENTRYPOINT",
        "name": "entrypoint",
        "label": "Docker Entrypoint",
        "type": "text",
        "placeholder": "e.g python $ALGO",
        "help": "Provide the entrypoint for your algorithm.",
        "required": false,
        "step": "2",
        "orientation": "vertical",
        "gridSize": 6,
        "isPartOfCombination": true
      },
      {
        "previewTitle": "ACCESSIBILITY DURATION",
        "name": "timeout",
        "label": "How long should this Asset be accessible to Data Consumers after purchase?",
        "help": "Define how long buyers should be able to download the dataset again after the initial purchase.",
        "type": "select",
        "options": ["15 Minutes", "1 Hour", "1 Day", "1 Week", "1 Month"],
        "sortOptions": false,
        "required": true,
        "placeholder": "Select validity period",
        "step": "2",
        "orientation": "vertical",
        "gridSize": 6,
        "tooltip": "This is the amount of time that a data consumer has access to the asset after the purchase."
      },
      {
        "previewTitle": "ASSET’S DATATOKEN",
        "name": "dataTokenOptions",
        "label": "Datatoken",
        "type": "datatoken",
        "help": "The datatoken for this dataset will be created with this name & symbol.",
        "tooltip": "The datatoken is a randomized unique identifier for this asset. By exchanging this datatoken with a data consumer, it provides them access to your asset securely.<br/>Find out more on the datatoken concept and what you can do with your datatoken through our [Knowledge base article](/help/en-us/)",
        "required": true,
        "step": "2",
        "orientation": "vertical",
        "gridSize": 12,
        "isEditDisabled": true
      },
      {
        "previewTitle": "TAGS",
        "name": "tags",
        "label": "Apply tags to your Asset.",
        "description": "Tags help prospective Data Consumers to find your Asset easily. Separate your tags with a comma or press enter.",
        "placeholder": "E.g: Automotive, Healthcare",
        "type": "tags",
        "help": "Separate tags with comma.",
        "step": "3",
        "orientation": "vertical"
      },
      {
        "previewTitle": "SAMPLE TYPE",
        "name": "sampleType",
        "step": "3"
      },
      {
        "previewTitle": "SAMPLE FILE",
        "name": "links",
        "label": "Convince prospective Data Consumers with a sample of your Asset.",
        "description": "Reassure others on the quality of your Asset! We highly recommend you to either upload a sample file from your device or link to your sample file's endpoint.",
        "placeholder": "Algorithm location - e.g https://example.com/sample-file.json",
        "help": "Please enter the URL to a sample of your dataset file and click \"ADD FILE\" to validate the data. This file should reveal the data structure of your dataset, e.g. by including the header and one line of a CSV file. This file URL will be publicly available after publishing.",
        "infotip": "Please provide an accurate representation of the actual dataset with sample values. Your sample file should not contain actual values for security reasons. If you are linking your sample asset's endpoint through a URL, please ensure the URL is from a trusted and secure source. <br/>Please see the list of denied file formats in our [FAQs](/help/en-us)",
        "type": "fancySampleFiles",
        "step": "3",
        "orientation": "vertical"
      },
      {
        "previewTitle": "ASSET’S SCREENSHOT",
        "name": "sampleUpload",
        "label": "Provide a visual representation of your Asset.",
        "help": "Reassure your prospective buyer on the quality of your Asset! We highly recommend you to upload a good sample set and a screenshot of your Asset in this step.",
        "description": "Research suggests that users respond more to images than texts. Capture the attention of prospective Data Consumers with a screenshot of your Asset in this step.",
        "infotip": "You are fully responsible for the content of the image. Please ensure that the uploaded content is appropriate.",
        "type": "fancyUpload",
        "step": "3",
        "orientation": "vertical"
      },
      {
        "previewTitle": "COMPATIBLE INPUT",
        "name": "input",
        "label": "What is your Algorithm's compatible input?",
        "description": "This is the input format of the Dataset that your Algorithm runs compute jobs on. Please select one option from the drop-down menu.",
        "help": "Choose the asset type for the specified price.",
        "type": "select",
        "options": [],
        "step": "3",
        "orientation": "vertical",
        "optionCategory": "FileType",
        "optionKey": "name",
        "placeholder": "Select file type",
        "gridSize": 7
      },
      {
        "previewTitle": "COMPATIBLE OUTPUT",
        "name": "output",
        "label": "What is your Algorithm's compatible output?",
        "description": "This is the output format of the compute job file. Please select one option from the drop-down menu.",
        "help": "The datatoken for this dataset will be created with this name & symbol.",
        "type": "select",
        "options": [],
        "step": "3",
        "orientation": "vertical",
        "optionCategory": "FileType",
        "optionKey": "name",
        "placeholder": "Select file type",
        "gridSize": 7
      },
      {
        "previewTitle": "END USER LICENSE AGREEMENT",
        "name": "eula",
        "label": "Provide the endpoint link to your Asset's End User License Agreement.",
        "description": "",
        "placeholder": "File location - https://",
        "help": "",
        "infotip": "Please ensure your URL is from a trusted and secure source. Your file should not contain any personal information.",
        "type": "fancyEulaFiles",
        "step": "3",
        "orientation": "vertical"
      },
      {
        "name": "author",
        "label": "Author",
        "placeholder": "e.g. Jelly McJellyfish",
        "help": "Give proper attribution for your dataset.",
        "orientation": "horizontal"
      },
      {
        "name": "asset",
        "label": "Asset Type",
        "help": "Choose the asset type for the specified price.",
        "type": "select",
        "options": ["Dataset", "Algorithm"],
        "orientation": "horizontal"
      },
      {
        "previewTitle": "PRICE TYPE",
        "name": "pricing.type",
        "label": "What is the price type of your asset?",
        "description": "Choose how data consumers can interact with your dataset.",
        "type": "shortToggleButton",
        "options": ["Free", "Post-pay"],
        "required": true,
        "step": "4",
        "gridSize": 12,
        "orientation": "vertical",
        "combineWith": ["pricing.price"],
        "isEditDisabled": true
      },
      {
        "previewTitle": "PRICE",
        "name": "pricing.price",
        "label": "Set up a specific price for your Asset",
        "type": "fancyPriceInput",
        "help": "The datatoken for this Asset will be worth the amount entered in USDC.",
        "required": true,
        "step": "4",
        "orientation": "vertical",
        "gridSize": 12,
        "isPartOfCombination": true
      },
      {
        "name": "baseToken",
        "required": true,
        "step": "4",

        "isPartOfCombination": true
      },
      {
        "name": "termsAndConditions",
        "label": "Terms & Conditions",
        "type": "terms",
        "options": [
          "I agree to the [Terms & Conditions](/terms) of publishing an Asset."
        ],
        "required": true,
        "step": "5",
        "orientation": "horizontal",
        "isEditDisabled": true
      }
    ],
    "success": "Asset Created!"
  }
}
