{
  "form": {
    "data": [
      {
        "name": "transferOwnership",
        "label": "Transfer ownership",
        "description": "By default, the Acentrik asset management token stored in your wallet represents your ownership and control to this asset in Acentrik. Once the ownership is transferred, the following changes will take place:\n  1. The Acentrik asset management token will be transferred to the recipient. \n 2. You will lose ownership and management rights to this asset. \n 3. The current wallet settings of this asset will reset.",
        "additionalInformation": "Please be cautioned that the transfer of ownership is irreversible.",
        "required": true
      }
    ],
    "field": [
      {
        "name": "transferOwnership",
        "label": "Recipient Wallet Address",
        "placeholder": "E.g. 0x45b9000c65801e2e0c…",
        "type": "fancyRevenueAddress",
        "required": true
      }
    ]
  }
}
