{
  "form": {
    "success": "🎉 Successfully updated. 🎉",
    "successAction": "Close",
    "error": "Updating DDO failed.",
    "warningMessage": "By submitting changes on this page, it will affect data consumers with existing access to this Asset.",
    "data": [
      {
        "name": "accessPermission",
        "label": "Manage permissions",
        "type": "radioButton",
        "options": ["allow", "deny", "custom"],
        "required": true,
        "optionType": "accessPermission",
        "orientation": "vertical",
        "optionKey": "accessPermission"
      },
      {
        "name": "credentials",
        "placeholder": "e.g. 0x12345678a012062208B0b0AA0000E928e5cE4e1A",
        "options": ["allow", "deny"],
        "optionKey": "credentials",
        "type": "credentials",
        "orientation": "vertical",
        "isPartOfCombination": true,
        "message": "Entries in the deny list will override entries in the allow list.",
        "required": true
      }
    ]
  }
}
