{
  "title": "Contact us",
  "description": "Contact us",
  "form": {
    "data": [
      {
        "name": "email",
        "label": "Business Email Address",
        "placeholder": "Type here",
        "help": "Enter a business email address.",
        "type": "email",
        "excludedValid": true,
        "required": true,
        "mode": "notchedOutline"
      },
      {
        "name": "inquiryType",
        "label": "Inquiry Type",
        "placeholder": "Select an Inquiry Type",
        "type": "select",
        "excludedValid": true,
        "required": true,
        "options": [
          "General Inquiries",
          "Support",
          "Feedback",
          "Request for Demo",
          "Report a Bug"
        ],
        "mode": "notchedOutline"
      },
      {
        "name": "message",
        "label": "Message to the Acentrik team",
        "type": "textarea",
        "placeholder": "Type here",
        "required": true,
        "excludedValid": true,
        "hasMaxHeight": true,
        "mode": "notchedOutline"
      },
      {
        "name": "captcha",
        "placeholder": "Enter Captcha Code",
        "excludedValid": true,
        "type": "captcha",
        "mode": "notchedOutline"
      }
    ]
  }
}
