{
  "title": "Login",
  "description": "Login to access more feature in Data Marketplace.",
  "warning": "Given the beta status, publishing on Rinkeby first is strongly recommended. Please familiarize yourself with [the market](https://oceanprotocol.com/technology/marketplaces), [the risks](https://blog.oceanprotocol.com/on-staking-on-data-in-ocean-market-3d8e09eb0a13), and the [Terms of Use](/terms).",
  "form": {
    "title": "Login",
    "data": [
      {
        "name": "email",
        "label": "Business Email Address",
        "placeholder": "e.g. joedoe@email.com",
        "help": "Enter a business email address.",
        "type": "email",
        "required": true
      },
      {
        "name": "password",
        "label": "Password",
        "placeholder": "My password",
        "help": "Input your login password",
        "type": "password",
        "required": true
      }
    ],
    "success": "Login Successful!"
  }
}
