{
  "title": "Reset SSO Configuration",
  "description": "A SSO configuration reset link will be send to\nyour business email address.",
  "form": {
    "title": "Reset SSO credential",
    "data": [
      {
        "name": "email",
        "label": "Business email address",
        "placeholder": "e.g. joedoe@email.com",
        "help": "Enter a business email address.",
        "type": "email",
        "required": true
      }
    ],
    "success": "SSO configuration reset",
    "postSuccess": "An email has been sent to {{email}}.\nPlease click on the link in the email to complete the SSO configuration reset process."
  }
}
