{
  "title": "Create An Account ",
  "description": "Register an account to access more feature in Data Marketplace.",
  "warning": "Given the beta status, publishing on Rinkeby first is strongly recommended. Please familiarize yourself with [the market](https://oceanprotocol.com/technology/marketplaces), [the risks](https://blog.oceanprotocol.com/on-staking-on-data-in-ocean-market-3d8e09eb0a13), and the [Terms of Use](/terms).",
  "form": {
    "data": [
      {
        "name": "email",
        "label": "Business Email Address",
        "previewTitle": "Business Email Address",
        "placeholder": "e.g. joedoe@email.com",
        "help": "Enter a business email address.",
        "type": "email",
        "step": "1",
        "required": true
      },
      {
        "name": "companyName",
        "label": "Full Legal Name of Company",
        "previewTitle": "Company Name",
        "placeholder": "",
        "help": "Company Name",
        "type": "text",
        "step": "2",
        "required": true
      },
      {
        "name": "industry",
        "label": "Industry",
        "previewTitle": "Industry",
        "placeholder": "",
        "optionCategory": "Industry",
        "help": "Please select industry",
        "type": "select",
        "step": "2",
        "required": true
      },
      {
        "name": "country",
        "label": "Country",
        "previewTitle": "Country",
        "placeholder": "",
        "help": "Please select country",
        "type": "countryList",
        "step": "2",
        "required": true,
        "addonInput": {
          "name": "otherCountry",
          "label": "Country Name",
          "extraLabel": "Unable to find your country or region? Enter your country below:",
          "placeholder": "",
          "help": "Country Name",
          "type": "text",
          "required": true,
          "customBackground": "--surface-1-color"
        }
      },
      {
        "name": "purpose",
        "label": "Are you looking to consume or publish data for your enterprise? ",
        "previewTitle": "Purpose of Registering",
        "type": "radioButton",
        "step": "2",
        "required": true,
        "options": ["consume", "publish", "consumeAndPublish", "browsing"],
        "optionType": "purposeRegistering",
        "multipleLineDesc": false
      },
      {
        "name": "password",
        "label": "Password",
        "placeholder": "My password",
        "help": "Input your new password",
        "type": "password",
        "required": true,
        "step": "1",
        "passwordPolicies": [
          {
            "name": "PasswordLowerCase",
            "title": "One lowercase character"
          },
          {
            "name": "PasswordSpecial",
            "title": "One special character"
          },
          {
            "name": "PasswordUpperCase",
            "title": "One uppercase character"
          },
          {
            "name": "PasswordNumber",
            "title": "One numeric character"
          },
          {
            "name": "PasswordLength",
            "title": "Fifteen characters minimum"
          }
        ]
      },
      {
        "name": "passwordConfirmation",
        "label": "Confirm Password",
        "placeholder": "My password",
        "help": "Input the same new password",
        "type": "password",
        "step": "1",
        "required": true
      }
    ],
    "success": "Sign Up Successful!"
  }
}
