{
  "create": {
    "empty": {
      "title": "No Price Created",
      "info": "This dataset has no price yet. As the Data Provider you can create a fixed price, or a dynamic price for it. Onwards!",
      "action": {
        "name": "Create Pricing",
        "help": "Create Pricing will mint your datatokens, approve spending, and create either a pool or a fixed rate exchange in one process. You will need to approve those multiple steps in your wallet."
      }
    },
    "fixed": {
      "title": "Fixed",
      "info": "Set your price for accessing this dataset. The datatoken for this dataset will be worth the entered amount of OCEAN.",
      "tooltips": {
        "communityFee": "Goes to Ocean DAO for teams to improve the tools, build apps, do outreach, and more. A small fraction is used to burn OCEAN. This fee is collected when downloading or using an asset in a compute job.",
        "marketplaceFee": "Goes to the marketplace owner that is hosting and providing the marketplace and is collected when downloading or using an asset in a compute job. In Ocean Market, it is treated as network revenue that goes to the Ocean community."
      }
    },
    "dynamic": {
      "title": "Dynamic",
      "info": "Let's create a decentralized, automated market for your dataset. The datatoken for this dataset will be worth the entered amount of OCEAN. Additionally, you will provide liquidity into a Datatoken/OCEAN liquidity pool with Balancer.",
      "tooltips": {
        "poolInfo": "The liquidity pool provides the funds for traders to trade against. The price of the asset is determined by the ratio of OCEAN to datatokens.",
        "swapFee": "Liquidity providers earn this fee on all pool trades, proportionally to their share of the pool. The fee is set by the creator of the pool and is used to incentivize liquidity providers to join the pool.",
        "communityFee": "Goes to Ocean DAO for teams to improve the tools, build apps, do outreach, and more. A small fraction is used to burn OCEAN. This fee is collected when downloading or using an asset in a compute job.",
        "marketplaceFee": "Goes to the marketplace owner that is hosting and providing the marketplace and is collected when downloading or using an asset in a compute job. In Ocean Market, it is treated as network revenue that goes to the Ocean community."
      }
    },
    "free": {
      "title": "Free",
      "info": "Set your dataset as free. The datatoken for this dataset will be given for free via creating a faucet."
    }
  },
  "pool": {
    "tooltips": {
      "price": "The price is determined by an automated market maker, which is a type of decentralized exchange protocol that relies on a mathematical formula. It is an alternative to a traditional order book.",
      "liquidity": "Providing liquidity will earn you SWAPFEE% on every transaction in this pool, proportionally to your share of the pool.",
      "approveSpecific": "Give the smart contract permission to spend your COIN which has to be done for each transaction. You can optionally set this to infinite in your user preferences.",
      "approveInfinite": "Give the smart contract permission to spend infinte amounts of your COIN so you have to do this only once. You can disable allowing infinite amounts in your user preferences."
    },
    "add": {
      "title": "Add Liquidity",
      "output": {
        "help": "Providing liquidity will earn you SWAPFEE% on every transaction in this pool, proportionally to your share of the pool.",
        "titleIn": "You will receive",
        "titleOut": "Pool conversion"
      },
      "action": "Supply",
      "warning": "Use at your own risk. Please familiarize yourself [with the risks](https://blog.oceanprotocol.com/on-staking-on-data-in-ocean-market-3d8e09eb0a13) and the [Terms of Use](/terms)."
    },
    "remove": {
      "title": "Remove Liquidity",
      "simple": "Set the amount of your pool shares to spend. You will get the equivalent value in OCEAN, limited to maximum amount for pool protection.",
      "output": {
        "titleOutExpected": "Expected output",
        "titleOutMinimum": "Minimum received"
      },
      "action": "Remove"
    }
  },
  "trade": {
    "action": "Swap",
    "warning": "Use at your own risk. Please familiarize yourself [with the risks](https://blog.oceanprotocol.com/on-staking-on-data-in-ocean-market-3d8e09eb0a13) and the [Terms of Use](/terms)."
  }
}
