{
  "siteTitle": "Acentrik",
  "siteTagline": "Acentrik Data Marketplace",
  "siteUrl": "https://acentrik.io",
  "siteIcon": "src/images/acentrik/favicon_acentrik.png",
  "siteImage": "../src/@images/share.png",
  "copyright": "All Rights Reserved. Powered by [Ocean Protocol](https://oceanprotocol.com)",
  "menu": [
    {
      "name": "Explore",
      "private": false,
      "subMenu": [
        {
          "name": "Compute",
          "private": false,
          "link": "/search?serviceType=compute"
        },
        {
          "name": "Download",
          "private": false,
          "link": "/search?serviceType=access"
        },
        {
          "name": "Algorithm",
          "private": false,
          "link": "/search?serviceType=algorithm"
        }
      ]
    },
    {
      "name": "Publish",
      "private": true,
      "subMenu": [
        {
          "name": "Dataset",
          "private": true,
          "link": "/publish?defaultForm=dataset"
        },
        {
          "name": "Algorithm",
          "private": true,
          "link": "/publish?defaultForm=algorithm"
        }
      ]
    },
    {
      "name": "History",
      "private": true,
      "link": "/history"
    },
    {
      "name": "Profile",
      "private": true,
      "subMenu": [
        {
          "name": "Change Password",
          "private": true,
          "link": "/changepassword"
        }
      ]
    }
  ],
  "announcement": "Data NFTs, One-Sided Staking and more. [Explore OceanONDA V4](https://blog.oceanprotocol.com/oceanonda-v4-production-has-arrived-cb4fe8faaf39).",
  "warning": {
    "ctd": "Compute-to-Data is still in a testing phase, please use it only on test networks."
  }
}
