{
    "@context": [
      "https://w3id.org/did/v1"
    ],
    "id": "",
    "nftAddress": "",
    "version": "4.1.0",
    "chainId": 80002,
    "metadata": {
      "created": "",
      "updated": "",
      "type": "dataset",
      "name": "[SDK] Free Aggregate Only Compute Sample",
      "description": "This description is written by SDK. Lorem ipsum is placeholder text commonly used for previewing layouts and visual mockups.",
      "tags": ["SDK"],
      "author": "",
      "license": "https://market.oceanprotocol.com/terms",
      "categories": [
        "Blockchain"
      ],
      "additionalInformation": {
        "source": "ddmdevv3",
        "accessPermission": "allow",
        "organization": "",
        "signer": "",
        "aggregateC2D": true
      }
    },
    "services": [
      {
        "id": "fe5d100c9114573982cb89f637ba113a81447493ab16fdc0d8e0d11bc5bc7a07",
        "type": "compute",
        "files": {
          "datatokenAddress": "0x0",
          "nftAddress": "0x0",
          "files": [
            {
              "type": "url",
              "url": "https://raw.githubusercontent.com/sd100596/randomDataset/main/dataset1.csv",
              "method": "GET"
            }
          ]
        },
        "datatokenAddress": "0x6bdACb833094B83014dCaA6dEB53F7E9F75A8A7E",
        "serviceEndpoint": "https://provider.dev-v3.acentrik.io",
        "timeout": 86400,
        "compute": {
          "allowRawAlgorithm": false,
          "allowNetworkAccess": true,
          "publisherTrustedAlgorithmPublishers": [],
          "publisherTrustedAlgorithms": [
            {
              "did": "did:op:a133d5ebf602dcf573098e194042e562924e652c5de16a434f8e361205182115",
              "containerSectionChecksum": "159377d9e52a325d941bec267870285e16d849c5d0c75c2ed797ece12ef1021e",
              "filesChecksum": "7701d5d51e37aea4917692090995d9a2ac93e73b853492ae3f797efedc000d99"
            }
          ]
        },
        "description": "Long description is written by SDK. Lorem ipsum is placeholder text commonly used for previewing layouts and visual mockups.",
        "additionalInformation": {
          "source": "ddmdevv3",
          "isExperimental": false,
          "sampleType": "URL",
          "links": [],
          "input": {
            "fileType": ""
          },
          "output": {
            "fileType": "",
            "screenshot": ""
          }
        }
      }
    ],
    "event": {
    },
    "nft": {
        "address": "",
        "name": "Acentrik Asset Management Token",
        "symbol": "AAMT-001",
        "state": 0,
        "tokenURI": "",
        "owner": "",
        "created": ""
    },
    "purgatory": {
      "state": false
    },
    "datatokens": [
    ],
    "stats": {
      "allocated": 0,
      "orders": 0,
      "price": {
        "value": "0"
      }
    }
}