{
  "@context": [
    "https://w3id.org/did/v1"
  ],
  "id": "",
  "nftAddress": "",
  "version": "4.1.0",
  "chainId": 80002,
  "metadata": {
    "created": "",
    "updated": "",
    "type": "dataset",
    "name": "[SDK] POSTPAY Set Price Compute Sample 1",
    "description": "This description is written by SDK. Lorem ipsum is placeholder text commonly used for previewing layouts and visual mockups.",
    "tags": ["SDK"],
    "author": "",
    "license": "https://market.oceanprotocol.com/terms",
    "categories": [
      "Blockchain"
    ],
    "additionalInformation": {
      "source": "ddmdevv3",
      "accessPermission": "allow",
      "organization": "",
      "signer": "",
      "aggregateC2D": false,
      "postpayType": "setPrice",
      "price": "{\"tokenAddress\":\"0xD6E0EF71AECedA1d3c6A4a3BcfFCb2EB6bfaF469\",\"tokenSymbol\":\"KRISCOIN\",\"value\":\"10\"}"
    }
  },
  "services": [
    {
      "id": "4eeb9bcc6ec0d2116a869c3fd9bb70bc89f2de423b2d8247fa53db7a0696cfe7",
      "type": "compute",
      "files": {
        "datatokenAddress": "0x0",
        "nftAddress": "0x0",
        "files": [
          {
            "type": "url",
            "url": "https://raw.githubusercontent.com/sd100596/randomDataset/main/dataset1.csv",
            "method": "GET"
          }
        ]
      },
      "datatokenAddress": "",
      "serviceEndpoint": "https://provider.dev-v3.acentrik.io",
      "timeout": 86400,
      "compute": {
        "allowRawAlgorithm": false,
        "allowNetworkAccess": true,
        "publisherTrustedAlgorithmPublishers": [],
        "publisherTrustedAlgorithms": [
          {
            "did": "did:op:54b8acbd41ccf83679ebcfb21e23fed1ef3e6a185ecef1162f37f544464e0d09",
            "containerSectionChecksum": "159377d9e52a325d941bec267870285e16d849c5d0c75c2ed797ece12ef1021e",
            "filesChecksum": "3a8043961f2fa2b585abbfd4fd2174a281bfa0b99b903628f7f0b5d81aa8bc3d"
          }
        ]
      },
      "description": "Long description is written by SDK. Lorem ipsum is placeholder text commonly used for previewing layouts and visual mockups.",
      "additionalInformation": {
        "source": "ddmdevv3",
        "isExperimental": false,
        "sampleType": "URL",
        "links": [],
        "input": {
          "fileType": ""
        },
        "output": {
          "fileType": "",
          "screenshot": ""
        }
      }
    }
  ],
  "event": {
  },
  "nft": {
    "address": "",
    "name": "Acentrik Asset Management Token",
    "symbol": "AAMT-001",
    "state": 0,
    "tokenURI": "",
    "owner": "",
    "created": ""
  },
  "purgatory": {
    "state": false
  },
  "datatokens": [
  ],
  "stats": {
    "allocated": 0,
    "orders": 0,
    "price": {
      "value": "0"
    }
  }
}