{
  "tokens": [
    {
      "chainId": 1,
      "address": "0xeeeeeeeeeeeeeeeeeeeeeeeeeeeeeeeeeeeeeeee",
      "name": "Ether",
      "symbol": "ETH",
      "decimals": 18,
      "logoURI": "https://s2.coinmarketcap.com/static/img/coins/64x64/1027.png",
      "isNative": true,
      "isUsed": false,
      "paymasterContractAddress": "0x00000f79B7FaF42EEBAdbA19aCc07cD08Af44789"
    },
    {
      "chainId": 4,
      "address": "0xeeeeeeeeeeeeeeeeeeeeeeeeeeeeeeeeeeeeeeee",
      "name": "Ether",
      "symbol": "ETH",
      "decimals": 18,
      "logoURI": "https://s2.coinmarketcap.com/static/img/coins/64x64/1027.png",
      "isNative": true,
      "isUsed": false,
      "paymasterContractAddress": "0x00000f79B7FaF42EEBAdbA19aCc07cD08Af44789"
    },
    {
      "chainId": 5,
      "address": "0xeeeeeeeeeeeeeeeeeeeeeeeeeeeeeeeeeeeeeeee",
      "name": "Ether",
      "symbol": "ETH",
      "decimals": 18,
      "logoURI": "https://s2.coinmarketcap.com/static/img/coins/64x64/1027.png",
      "isNative": true,
      "isUsed": false,
      "paymasterContractAddress": "0x00000f79B7FaF42EEBAdbA19aCc07cD08Af44789"
    },
    {
      "chainId": 137,
      "address": "0x0000000000000000000000000000000000001010",
      "name": "Polygon Matic",
      "symbol": "Matic",
      "decimals": 18,
      "logoURI": "https://s2.coinmarketcap.com/static/img/coins/64x64/3890.png",
      "isNative": true,
      "isUsed": true,
      "paymasterContractAddress": "0x00000f79B7FaF42EEBAdbA19aCc07cD08Af44789"
    },
    {
      "chainId": 137,
      "address": "0x0998ee9b2a85Ce0f1c236701A5342b58aD11cb2C",
      "name": "USD Coin USDC",
      "symbol": "USDC",
      "decimals": 6,
      "logoURI": "https://s2.coinmarketcap.com/static/img/coins/64x64/3408.png",
      "isNative": false,
      "isUsed": true,
      "paymasterContractAddress": "0x00000f79B7FaF42EEBAdbA19aCc07cD08Af44789"
    },
    {
      "chainId": 80001,
      "address": "0x0000000000000000000000000000000000001010",
      "name": "Polygon Matic",
      "symbol": "Matic",
      "decimals": 18,
      "logoURI": "https://s2.coinmarketcap.com/static/img/coins/64x64/3890.png",
      "isNative": true,
      "isUsed": true,
      "paymasterContractAddress": "0x00000f79B7FaF42EEBAdbA19aCc07cD08Af44789"
    },
    {
      "chainId": 137,
      "address": "0x2791Bca1f2de4661ED88A30C99A7a9449Aa84174",
      "name": "USD Coin USDC",
      "symbol": "USDC",
      "decimals": 6,
      "logoURI": "https://s2.coinmarketcap.com/static/img/coins/64x64/3408.png",
      "isNative": false,
      "isUsed": true,
      "paymasterContractAddress": "0x00000f79B7FaF42EEBAdbA19aCc07cD08Af44789"
    },
    {
      "chainId": 80001,
      "address": "0x0FA8781a83E46826621b3BC094Ea2A0212e71B23",
      "name": "USD Coin USDC",
      "symbol": "USDC",
      "decimals": 6,
      "logoURI": "https://s2.coinmarketcap.com/static/img/coins/64x64/3408.png",
      "isNative": false,
      "isUsed": false,
      "paymasterContractAddress": "0x00000f79B7FaF42EEBAdbA19aCc07cD08Af44789"
    },
    {
      "chainId": 80002,
      "address": "0x0000000000000000000000000000000000001010",
      "name": "Polygon Matic",
      "symbol": "Matic",
      "decimals": 18,
      "logoURI": "https://s2.coinmarketcap.com/static/img/coins/64x64/3890.png",
      "isNative": true,
      "isUsed": true,
      "paymasterContractAddress": "0x00000f79B7FaF42EEBAdbA19aCc07cD08Af44789"
    },
    {
      "chainId": 80002,
      "address": "0xD6E0EF71AECedA1d3c6A4a3BcfFCb2EB6bfaF469",
      "name": "USD Coin USDC",
      "symbol": "USDC",
      "decimals": 6,
      "logoURI": "https://s2.coinmarketcap.com/static/img/coins/64x64/3408.png",
      "isNative": false,
      "isUsed": true,
      "paymasterContractAddress": "0x00000f79B7FaF42EEBAdbA19aCc07cD08Af44789"
    },
    {
      "chainId": 11155111,
      "address": "0xeeeeeeeeeeeeeeeeeeeeeeeeeeeeeeeeeeeeeeee",
      "name": "Ether",
      "symbol": "ETH",
      "decimals": 18,
      "logoURI": "https://s2.coinmarketcap.com/static/img/coins/64x64/1027.png",
      "isNative": true,
      "isUsed": false,
      "paymasterContractAddress": "0x00000f79B7FaF42EEBAdbA19aCc07cD08Af44789"
    },
    {
      "chainId": 11155111,
      "address": "0xD4ebBB5CCaF29d189B14fA95C6Fa73AA9910191a",
      "name": "USD Coin USDC",
      "symbol": "USDC",
      "decimals": 6,
      "logoURI": "https://s2.coinmarketcap.com/static/img/coins/64x64/3408.png",
      "isNative": false,
      "isUsed": true,
      "paymasterContractAddress": "0x00000f79B7FaF42EEBAdbA19aCc07cD08Af44789"
    }
  ]
}
