{
  "metadata": {
    "title": "Metadata",
    "fields": [
      {
        "previewTitle": "Asset management token",
        "name": "nft",
        "label": "Asset management token",
        "tooltip": "Your published asset's metadata will be stored on-chain, which is represented by this displayed token name in your wallet.",
        "type": "nft",
        "required": true,
        "gridSize": 12,
        "step": "2",
        "orientation": "vertical"
      },
      {
        "previewTitle": "TITLE",
        "name": "name",
        "label": "Algorithm title",
        "type": "text",
        "help": "The datatoken for this dataset will be created with this name & symbol.",
        "required": true,
        "step": "2",
        "orientation": "vertical",
        "placeholder": "Algorithm title",
        "gridSize": 12,
        "max": 70,
        "tooltip": "The title of your asset should be concise and easily understandable. Please include important information in your title that best labels your asset and avoid abbreviations that are not commonly used. Your title should not contain any personal information."
      },
      {
        "previewTitle": "CATEGORY",
        "name": "category",
        "label": "Category",
        "type": "autoComplete",
        "options": [],
        "required": true,
        "step": "2",
        "orientation": "vertical",
        "optionCategory": "Industry",
        "optionKey": "name",
        "placeholder": "Select category",
        "gridSize": 7
      },
      {
        "previewTitle": "SHORT DESCRIPTION",
        "name": "shortDescription",
        "label": "Overview",
        "description": "Provide a brief description of your algorithm.",
        "help": "Add a thorough description with as much detail as possible. You can use [Markdown](https://daringfireball.net/projects/markdown/basics).",
        "type": "textarea",
        "isResizable": false,
        "required": true,
        "step": "2",
        "orientation": "vertical",
        "placeholder": "Type here",
        "tooltip": "Please describe your asset succinctly with important information. This description will be visible to users in the explore and buy page, as part of your main asset listing. <br/>Your description should not contain any personal information.",
        "max": 300
      },
      {
        "previewTitle": "RUNTIME ENVIRONMENT",
        "name": "dockerImage",
        "label": "Runtime environment",
        "description": "",
        "help": "Choose image to run algorithm if you want to publish an algorithm as asset",
        "type": "select",
        "options": ["nodejs", "python3.7"],
        "optionType": "computeOptions",
        "required": true,
        "step": "2",
        "sortOptions": false,
        "placeholder": "Select runtime environment",
        "orientation": "vertical",
        "combineWith": ["image", "containerTag", "entrypoint"],
        "gridSize": 6,
        "optionKey": "computeOptions"
      },
      {
        "previewTitle": "DOCKER REGISTRY PATH",
        "name": "dockerImageCustom",
        "label": "Docker registry path",
        "type": "fancyCustomDockerImage",
        "placeholder": "e.g. public-docker-repository/image-name",
        "help": "Please provide the name and image tag of the public Docker hub image or a custom image if it’s hosted in a third party repository.",
        "required": true,
        "step": "2",
        "orientation": "vertical",
        "gridSize": 12,
        "isPartOfCombination": true
      },
      {
        "previewTitle": "DOCKER DIGEST",
        "name": "dockerImageCustomChecksum",
        "label": "Docker image digest",
        "type": "text",
        "placeholder": "e.g. sha256:65a6d66...",
        "help": "Please provide the checksum of your docker image.",
        "required": true,
        "step": "2",
        "orientation": "vertical",
        "gridSize": 6,
        "isPartOfCombination": true
      },
      {
        "previewTitle": "DOCKER ENTRYPOINT",
        "name": "dockerImageCustomEntrypoint",
        "label": "Docker image entrypoint",
        "type": "text",
        "placeholder": "e.g. python $ALGO",
        "help": "Provide the entrypoint for your algorithm.",
        "required": true,
        "step": "2",
        "orientation": "vertical",
        "gridSize": 6,
        "isPartOfCombination": true
      },
      {
        "previewTitle": "DOCKER REFERENCE URL",
        "name": "dockerImageCustomReferenceUrl",
        "label": "Docker reference URL",
        "type": "fancyCustomDockerReferenceUrl",
        "placeholder": "e.g. https://",
        "help": "Please provide reference URL for your consumer to find out more about the Docker image.",
        "required": true,
        "step": "2",
        "orientation": "vertical",
        "gridSize": 12,
        "isPartOfCombination": true
      },
      {
        "previewTitle": "TAGS",
        "name": "tags",
        "label": "Tags",
        "description": "Add tags to help data consumers discover your algorithm.",
        "placeholder": "E.g: Automotive, Healthcare",
        "type": "tags",
        "help": "Separate tags with comma.",
        "step": "3",
        "orientation": "vertical"
      },
      {
        "previewTitle": "END USER LICENSE AGREEMENT",
        "name": "eula",
        "label": "End User License Agreement",
        "description": "",
        "placeholder": "File location - https://",
        "help": "",
        "infotip": "Please ensure your URL is from a trusted and secure source. Your file should not contain any personal information.",
        "type": "fancyEulaFiles",
        "step": "3",
        "orientation": "vertical"
      }
    ]
  },
  "services": {
    "title": "Access",
    "fields": [
      {
        "previewTitle": "ACCESS TYPE",
        "name": "access",
        "label": "Access type",
        "description": "Choose how data consumers can interact with your algorithm.",
        "help": "Choose how you want your files to be accessible for the specified price.",
        "type": "shortToggleButton",
        "options": ["Public", "Private"],
        "required": true,
        "step": "1",
        "orientation": "vertical",
        "isEditDisabled": true
      },
      {
        "previewTitle": "ALGORITHM TYPE",
        "name": "algorithmType",
        "label": "Algorithm type",
        "description": "Choose the type of algorithm you want to create.",
        "tooltip": "To run single compute jobs, please select basic algorithm. To run multiple compute jobs, please select federated or aggregate algorithm.",
        "help": "Choose the type of Algorithm you want to create",
        "type": "shortToggleButton",
        "options": ["Basic", "Federated", "Aggregate"],
        "required": true,
        "step": "1",
        "gridSize": 12,
        "orientation": "vertical",
        "isEditDisabled": true
      },
      {
        "previewTitle": "EDGE COMPUTING NODE",
        "name": "providerName",
        "label": "Edge node",
        "help": "Select which edge computing node will be used to connect to your data asset endpoint. If you would like to set up a private edge computing node for your enterprise, please click [here](/contact-us)",
        "description": "Select the method to link your data source.",
        "tooltip": "An edge node connects your dataset to the platform. It enables your data to be processed closer to the source.",
        "type": "select",
        "options": [],
        "required": true,
        "placeholder": "Select an edge computing node",
        "step": "1",
        "orientation": "vertical",
        "gridSize": 7,
        "state": {
          "edit_expanded": "warning"
        },
        "stateMsg": {
          "edit_expanded": "By selecting another option, you will be required to relink your source URL."
        }
      },
      {
        "previewTitle": "ASSET'S ENDPOINT",
        "name": "datasetFiles",
        "label": "Source URL",
        "description": "Provide the link to your algorithm.",
        "placeholder": "https://",
        "help": "Please enter the URL to your dataset file and click \"ADD FILE\" to validate the data. This URL will be stored encrypted after publishing.",
        "tooltip": "This link will be stored on-chain.",
        "type": "fancyDatasetFiles",
        "required": true,
        "step": "1",
        "combineWith": ["fileHeader"],
        "orientation": "vertical"
      },
      {
        "previewTitle": "DATA LISTING TYPE",
        "name": "isExperimental",
        "label": "Data listing type",
        "description": "Select the option of experimental or production as your file type.",
        "tooltip": "If you wish to inform a data consumer that your file is suitable for testing purposes, please select experimental.",
        "type": "shortToggleButton",
        "options": ["Experimental", "Production"],
        "required": true,
        "gridSize": 12,
        "step": "2",
        "orientation": "vertical"
      },
      {
        "previewTitle": "LONG DESCRIPTION",
        "name": "description",
        "label": "Additional details",
        "description": "Provide details of what your algorithm offers. [Markdown](https://daringfireball.net/projects/markdown/basics) (Daring Fireball) is supported.",
        "help": "Add a thorough description with as much detail as possible. You can use [Markdown](https://daringfireball.net/projects/markdown/basics).",
        "type": "editor",
        "required": true,
        "step": "2",
        "orientation": "vertical",
        "placeholder": "E.g. This algorithm of charging status for Electric Vehicles (EV) of automotive manufacturer A can be a potential datapoint to the use case of geographical planning of power grids at a particular location.",
        "tooltip": "We recommend including the points below for an effective description to your asset:<br/>`-`What the data values refer to <br/>`-`Attributes / variables of this asset <br/>`-`Purpose or origination of this asset <br/>`-`Types of data consumers that would be best suited for this asset<br/>Your details should not contain any personal information.",
        "max": 5000
      },
      {
        "previewTitle": "COMPATIBLE AGGREGATE ALGORITHM",
        "name": "publisherTrustedAlgorithms",
        "label": "Define your aggregate algorithm",
        "description": "Define Aggregate Algorithm for Federated Calculation",
        "help": "Choose one aggregate algorithms you trust to allow them to run with this federated algorithm.",
        "type": "fancyAssetSelectionMultiple",
        "required": true,
        "multiple": false,
        "options": [],
        "sortOptions": false,
        "step": "2"
      },
      {
        "previewTitle": "ACCESSIBILITY DURATION",
        "name": "timeout",
        "label": "Validity period",
        "description": "Select how long this algorithm will be accessible to data consumers.",
        "help": "Define how long buyers should be able to download the dataset again after the initial purchase.",
        "type": "fancyTimeout",
        "options": ["hour(s)", "day(s)", "month(s)", "year(s)"],
        "sortOptions": false,
        "required": true,
        "placeholder": "Enter value",
        "step": "2",
        "gridSize": 6,
        "orientation": "vertical",
        "tooltip": "This is the amount of time that a data consumer has access to the asset after the purchase."
      },
      {
        "name": "timeoutDurationType",
        "required": true,
        "step": "2",
        "isPartOfCombination": true
      },
      {
        "previewTitle": "ASSET'S DATATOKEN",
        "name": "dataTokenOptions",
        "label": "Datatoken",
        "type": "datatoken",
        "help": "The datatoken for this dataset will be created with this name & symbol.",
        "tooltip": "The Datatoken is a randomized unique identifier for this asset. By exchanging this datatoken with a data consumer, it provides them access to your asset securely.<br/>Find out more on the datatoken concept and what you can do with your datatoken through our [Knowledge base article](/help/en-us/)",
        "required": true,
        "step": "2",
        "orientation": "vertical",
        "gridSize": 12,
        "isEditDisabled": false
      },
      {
        "previewTitle": "PURCHASE PERMISSIONS",
        "name": "accessPermission",
        "label": "Asset permissions",
        "description": "Choose who can access your algorithm. You may customize the permissions on advanced settings after your algorithm is published.",
        "type": "radioButton",
        "options": ["allow", "deny"],
        "optionType": "accessPermission",
        "optionKey": "name",
        "step": "3",
        "required": true,
        "defaultValue": "allow"
      },
      {
        "previewTitle": "SAMPLE TYPE",
        "name": "sampleType",
        "isPartOfCombination": true,
        "step": "3"
      },
      {
        "previewTitle": "SAMPLE FILE",
        "name": "links",
        "label": "Sample file",
        "placeholder": "https://",
        "help": "Please enter the URL to a sample of your dataset file and click \"ADD FILE\" to validate the data. This file should reveal the data structure of your dataset, e.g. by including the header and one line of a CSV file. This file URL will be publicly available after publishing.",
        "infotip": "Please provide an accurate representation of the actual dataset with sample values. Your sample file should not contain actual values for security reasons. If you are linking your sample asset's endpoint through a URL, please ensure the URL is from a trusted and secure source. <br/>Please see the list of denied file formats in our [FAQs](/help/en-us)",
        "type": "fancySampleFiles",
        "step": "3",
        "orientation": "vertical"
      },
      {
        "previewTitle": "ASSET'S SCREENSHOT",
        "name": "sampleUpload",
        "label": "Sample image",
        "help": "Reassure your prospective buyer on the quality of your Asset! We highly recommend you to upload a good sample set and a screenshot of your Asset in this step.",
        "infotip": "You are fully responsible for the content of the image. Please ensure that the uploaded content is appropriate.",
        "type": "fancyUpload",
        "step": "3",
        "orientation": "vertical"
      },
      {
        "previewTitle": "COMPATIBLE INPUT",
        "name": "input",
        "label": "Input file type",
        "description": "Select a compatible file type to run the compute job with your algorithm.",
        "help": "Choose the asset type for the specified price.",
        "type": "select",
        "options": [],
        "step": "3",
        "orientation": "vertical",
        "optionCategory": "FileType",
        "optionKey": "name",
        "placeholder": "Select file type",
        "gridSize": 7
      },
      {
        "previewTitle": "COMPATIBLE OUTPUT",
        "name": "output",
        "label": "Output file type",
        "description": "Select the output file type for the result of the compute job.",
        "help": "The datatoken for this dataset will be created with this name & symbol.",
        "type": "select",
        "options": [],
        "step": "3",
        "orientation": "vertical",
        "optionCategory": "FileType",
        "optionKey": "name",
        "placeholder": "Select file type",
        "gridSize": 7
      }
    ]
  },
  "pricing": {
    "title": "Price",
    "fields": [
      {
        "previewTitle": "PRICE TYPE",
        "name": "type",
        "label": "What is the price type of your asset?",
        "type": "shortToggleButton",
        "options": ["Free", "Post-pay"],
        "required": true,
        "step": "4",
        "gridSize": 12,
        "orientation": "vertical",
        "combineWith": ["pricing.price"],
        "isEditDisabled": true
      },
      {
        "previewTitle": "PRICE",
        "name": "price",
        "label": "Asset price",
        "type": "fancyPriceInput",
        "help": "The datatoken for this Asset will be worth the amount entered in USDC.",
        "required": true,
        "step": "4",
        "orientation": "vertical",
        "gridSize": 12,
        "isPartOfCombination": true,
        "isEditDisabled": true
      },
      {
        "name": "baseToken",
        "required": true,
        "step": "4",
        "isPartOfCombination": true
      },
      {
        "previewTitle": "REVENUE ACCOUNT",
        "name": "paymentCollector",
        "label": "Alternate wallet address",
        "description": "By default, USDC from orders of this asset goes to the wallet you are currently connected to. Add a new wallet address if you wish to change it.",
        "placeholder": "E.g. 0x45b9000c65801e2e0c…",
        "help": "",
        "infotip": "This new wallet address will only apply to this asset and does not need to be related to your enterprise.",
        "type": "fancyRevenueAddress",
        "step": "3",
        "orientation": "vertical",
        "isEditDisabled": true
      },
      {
        "previewTitle": "SET PRICE",
        "name": "setPrice",
        "type": "radioButton",
        "options": ["setPrice", "payPerByte"],
        "optionKey": "name",
        "optionType": "setPrice",
        "defaultValue": "setPrice",
        "required": true,
        "step": "4",
        "gridSize": 12,
        "orientation": "vertical",
        "isEditDisabled": true
      }
    ]
  },
  "submission": {
    "title": "Submit"
  }
}
