{
  "metadata": {
    "title": "Metadata",
    "fields": [
      {
        "previewTitle": "Asset management token",
        "name": "nft",
        "label": "Asset management token",
        "tooltip": "Your published asset's metadata will be stored on-chain, which is represented by this displayed token name in your wallet.",
        "type": "nft",
        "required": true,
        "gridSize": 12,
        "step": "2",
        "orientation": "vertical"
      },
      {
        "previewTitle": "TITLE",
        "name": "name",
        "label": "Dataset title",
        "type": "text",
        "help": "The datatoken for this dataset will be created with this name & symbol.",
        "required": true,
        "step": "2",
        "orientation": "vertical",
        "placeholder": "Dataset title",
        "gridSize": 12,
        "max": 70,
        "tooltip": "The title of your asset should be concise and easily understandable. Please include important information in your title that best labels your asset and avoid abbreviations that are not commonly used. <br/>Your title should not contain any personal information."
      },
      {
        "previewTitle": "CATEGORY",
        "name": "category",
        "label": "Category",
        "type": "autoComplete",
        "options": [],
        "description": "",
        "required": true,
        "step": "2",
        "orientation": "vertical",
        "optionCategory": "Industry",
        "optionKey": "name",
        "placeholder": "Select category",
        "gridSize": 7
      },
      {
        "previewTitle": "SHORT DESCRIPTION?",
        "name": "shortDescription",
        "label": "Overview",
        "description": "Provide a brief description of your dataset.",
        "help": "Add a thorough description with as much detail as possible. You can use [Markdown](https://daringfireball.net/projects/markdown/basics).",
        "type": "textarea",
        "isResizable": false,
        "required": true,
        "step": "2",
        "orientation": "vertical",
        "placeholder": "Type here",
        "tooltip": "Please describe your asset succinctly with important information. This description will be visible to users in the explore and buy page, as part of your main asset listing. <br/>Your description should not contain any personal information.",
        "max": 300
      },
      {
        "name": "dockerImage",
        "label": "Docker Image",
        "help": "Please select an image to run your algorithm.",
        "type": "boxSelection",
        "options": [
          "populated from algorithmContainerPresets in Publish/_constants"
        ],
        "required": true
      },
      {
        "name": "dockerImageCustom",
        "label": "Docker Image URL",
        "placeholder": "e.g. oceanprotocol/algo_dockers or https://example.com/image_path",
        "help": "Provide the name of a public Docker image or the full url if you have it hosted in a 3rd party repo",
        "required": true
      },
      {
        "name": "dockerImageCustomTag",
        "label": "Docker image tag",
        "placeholder": "e.g. latest",
        "help": "Provide the tag for your Docker image.",
        "required": true
      },
      {
        "name": "dockerImageCustomEntrypoint",
        "label": "Docker Entrypoint",
        "placeholder": "e.g. python $ALGO",
        "help": "Provide the entrypoint for your algorithm.",
        "required": true
      },
      {
        "previewTitle": "TAGS",
        "name": "tags",
        "label": "Tags",
        "description": "Add tags to help data consumers discover your dataset.",
        "placeholder": "E.g: Automotive, Healthcare",
        "type": "tags",
        "help": "Separate tags with comma.",
        "step": "3",
        "orientation": "vertical"
      },
      {
        "previewTitle": "END USER LICENSE AGREEMENT",
        "name": "eula",
        "label": "End User License Agreement",
        "description": "",
        "placeholder": "File location - https://",
        "help": "",
        "infotip": "Please ensure your URL is from a trusted and secure source. Your file should not contain any personal information.",
        "type": "fancyEulaFiles",
        "step": "3",
        "orientation": "vertical"
      }
    ]
  },
  "services": {
    "title": "Access",
    "fields": [
      {
        "previewTitle": "ACCESS TYPE",
        "name": "access",
        "label": "Access type",
        "description": "Choose how data consumers can interact with your dataset.",
        "tooltip": "You can set your asset's access type to be either download or compute. For the compute option, you can provide the list of compatible algorithms in step 2 (basic information).",
        "help": "Choose how your Dataset is accessed for the specified price.",
        "type": "shortToggleButton",
        "options": ["Download", "Compute"],
        "required": true,
        "step": "1",
        "gridSize": 12,
        "orientation": "vertical",
        "isEditDisabled": true
      },
      {
        "previewTitle": "AGGREGATE ONLY",
        "name": "aggregateOnly",
        "label": "Aggregate only",
        "description": "Select enable if you want to use this dataset as a placeholder for your aggregate algorithm. This will only show aggregate algorithm options in your compatible algorithm selection.",
        "tooltip": "For more information, please  [click here](/help/en-us/)",
        "help": "Choose how you want your Dataset to be computed.",
        "type": "shortToggleButton",
        "options": ["Disable", "Enable"],
        "required": true,
        "step": "1",
        "gridSize": 12,
        "orientation": "vertical",
        "isEditDisabled": true
      },
      {
        "previewTitle": "EDGE COMPUTING NODE",
        "name": "providerName",
        "label": "Edge node",
        "help": "Select the method to link your data source.",
        "description": "Select the method to link your data source.",
        "tooltip": "An edge node connects your dataset to the platform. It enables your data to be processed closer to the source.",
        "type": "select",
        "options": [],
        "required": true,
        "placeholder": "Select an edge computing node",
        "step": "1",
        "orientation": "vertical",
        "gridSize": 7,
        "state": { "edit_expanded": "warning" },
        "stateMsg": {
          "edit_expanded": "By selecting another option, you will be required to relink your source URL."
        }
      },
      {
        "previewTitle": "ASSET'S ENDPOINT",
        "name": "files",
        "label": "Source URL",
        "placeholder": "https://",
        "help": "Please enter the URL to your dataset file and click \"ADD FILE\" to validate the data. This URL will be stored encrypted after publishing.",
        "tooltip": "This link will be stored on-chain. For a compute dataset, your file should match the file type required by the algorithm.",
        "type": "fancyFiles",
        "required": true,
        "step": "1",
        "orientation": "vertical"
      },
      {
        "previewTitle": "ASSET'S ENDPOINT",
        "name": "datasetFiles",
        "label": "Source URL",
        "description": "Provide the link to your dataset.",
        "placeholder": "https://",
        "help": "Please enter the URL to your dataset file and click \"ADD FILE\" to validate the data. This URL will be stored encrypted after publishing.",
        "tooltip": "This link will be stored on-chain. For a compute dataset, your file should match the file type required by the algorithm.",
        "type": "fancyDatasetFiles",
        "required": true,
        "step": "1",
        "combineWith": ["fileHeader"],
        "orientation": "vertical"
      },
      {
        "previewTitle": "ASSET CUSTOM PARAMETERS",
        "name": "consumerParameters",
        "label": "Parameters",
        "description": "Creating parameters to your API will allow more specific data to be fetched from your endpoint.",
        "placeholder": "",
        "help": "",
        "tooltip": "Parameters are options that you can pass with your data asset's endpoint to specify a certain response. This limits the results of the data to be retrieved from the end point. \n\nThe parameter's display name, parameter key and description are displayed to the data consumer.",
        "type": "fancyAssetParameters",
        "required": false,
        "step": "1",
        "combineWith": [
          "parameterDisplayName",
          "parameterKey",
          "parameterType",
          "parameterOptions",
          "parameterDescription"
        ],
        "orientation": "vertical"
      },
      {
        "previewTitle": "DISPLAY NAME",
        "name": "parameterDisplayName",
        "label": "Display name",
        "type": "text",
        "placeholder": "Type here",
        "help": "",
        "required": true,
        "step": "1",
        "orientation": "vertical",
        "gridSize": 4,
        "isPartOfCombination": true
      },
      {
        "previewTitle": "PARAMETER KEY",
        "name": "parameterKey",
        "label": "Parameter key",
        "type": "text",
        "placeholder": "Type here",
        "help": "",
        "required": true,
        "step": "1",
        "orientation": "vertical",
        "gridSize": 4,
        "isPartOfCombination": true
      },
      {
        "previewTitle": "PARAMETER TYPE",
        "name": "parameterType",
        "label": "Parameter type",
        "type": "select",
        "options": ["string", "int", "boolean", "Options"],
        "placeholder": "Select type",
        "help": "Provide the entrypoint for your algorithm.",
        "required": true,
        "step": "1",
        "orientation": "vertical",
        "gridSize": 4,
        "isPartOfCombination": true
      },
      {
        "previewTitle": "OPTIONS",
        "name": "parameterOptions",
        "label": "Options",
        "description": "",
        "placeholder": "Separate your options with a comma or press enter.",
        "type": "optionsTags",
        "help": "Separate tags with comma.",
        "step": "1",
        "orientation": "vertical",
        "gridSize": 12,
        "isPartOfCombination": true,
        "required": true
      },
      {
        "previewTitle": "DESCRIPTION",
        "name": "parameterDescription",
        "label": "Description",
        "type": "textarea",
        "placeholder": "Type here",
        "help": "Provide the name of a public Docker image or the full url if you have it hosted in a 3rd party repo",
        "required": false,
        "step": "1",
        "orientation": "vertical",
        "gridSize": 12,
        "isPartOfCombination": true,
        "max": 300
      },
      {
        "previewTitle": "FILE HEADER",
        "name": "fileHeader",
        "label": "File Header",
        "type": "text",
        "placeholder": "",
        "help": "",
        "required": false,
        "step": "1",
        "combineWith": ["headerKey", "headerValue"],
        "orientation": "vertical",
        "isPartOfCombination": true,
        "max": 300
      },
      {
        "previewTitle": "HEADER KEY",
        "name": "headerKey",
        "label": "Key",
        "type": "text",
        "placeholder": "Type here",
        "help": "",
        "required": true,
        "step": "1",
        "orientation": "vertical",
        "gridSize": 4,
        "isPartOfCombination": true,
        "hideValidationMessage": true
      },
      {
        "previewTitle": "HEADER VALUE",
        "name": "headerValue",
        "label": "Value",
        "type": "text",
        "placeholder": "Type here",
        "help": "",
        "required": true,
        "step": "1",
        "orientation": "vertical",
        "gridSize": 4,
        "isPartOfCombination": true,
        "hideValidationMessage": true
      },
      {
        "previewTitle": "DATA LISTING TYPE",
        "name": "isExperimental",
        "label": "Data listing type",
        "description": "Select the option of experimental or production as your file type.",
        "tooltip": "If you wish to inform a data consumer that your file is suitable for testing purposes, please select experimental.",
        "type": "shortToggleButton",
        "options": ["Experimental", "Production"],
        "required": true,
        "gridSize": 12,
        "step": "2",
        "orientation": "vertical"
      },
      {
        "previewTitle": "LONG DESCRIPTION",
        "name": "description",
        "label": "Additional details",
        "description": "Provide details of what your dataset offers. [Markdown](https://daringfireball.net/projects/markdown/basics) (Daring Fireball) is supported.",
        "help": "Add a thorough description with as much detail as possible. You can use [Markdown](https://daringfireball.net/projects/markdown/basics) .",
        "type": "editor",
        "required": true,
        "step": "2",
        "orientation": "vertical",
        "placeholder": "E.g. This dataset of charging status for Electric Vehicles (EV) of automotive manufacturer A can be a potential datapoint to the use case of geographical planning of power grids at a particular location.",
        "tooltip": "We recommend including the points below for an effective description to your asset:<br/>`-`What the data values refer to <br/>`-`Attributes / variables of this asset <br/>`-`Purpose or origination of this asset <br/>`-`Types of data consumers that would be best suited for this asset<br/>Your details should not contain any personal information.",
        "max": 5000
      },
      {
        "previewTitle": "COMPATIBLE ALGORITHM",
        "name": "publisherTrustedAlgorithms",
        "label": "Compatible algorithm(s)",
        "description": "Select algorithm(s) to run compute jobs on your dataset. If no algorithms are available, you can create one  [here](/publish?defaultForm=algorithm)",
        "help": "Choose one or multiple algorithms you trust to allow them to run on this dataset.",
        "type": "fancyAssetSelectionMultiple",
        "multiple": true,
        "options": [],
        "sortOptions": false,
        "step": "2"
      },
      {
        "previewTitle": "ACCESSIBILITY DURATION",
        "name": "timeout",
        "label": "Validity period",
        "description": "Select how long this algorithm will be accessible to data consumers.",
        "help": "Define how long buyers should be able to download the dataset again after the initial purchase.",
        "type": "fancyTimeout",
        "options": ["hour(s)", "day(s)", "month(s)", "year(s)"],
        "sortOptions": false,
        "required": true,
        "placeholder": "Enter value",
        "step": "2",
        "gridSize": 6,
        "orientation": "vertical",
        "tooltip": "This is the amount of time that a data consumer has access to the asset after the purchase."
      },
      {
        "name": "timeoutDurationType",
        "required": true,
        "step": "2",
        "isPartOfCombination": true
      },
      {
        "previewTitle": "ASSET'S DATATOKEN",
        "name": "dataTokenOptions",
        "label": "Datatoken",
        "type": "datatoken",
        "help": "The datatoken for this dataset will be created with this name & symbol.",
        "tooltip": "The datatoken is a randomized unique identifier for this asset. By exchanging this datatoken with a data consumer, it provides them access to your asset securely.<br/>Find out more on the datatoken concept and what you can do with your datatoken through our [Knowledge base article](/help/en-us/)",
        "required": true,
        "step": "2",
        "orientation": "vertical",
        "gridSize": 12,
        "isEditDisabled": false
      },
      {
        "previewTitle": "PURCHASE PERMISSIONS",
        "name": "accessPermission",
        "label": "Asset permissions",
        "description": "Choose who can access your dataset. You may customize the permissions on advanced settings after your dataset is published.",
        "type": "radioButton",
        "options": ["allow", "deny"],
        "optionType": "accessPermission",
        "optionKey": "name",
        "step": "3",
        "required": true,
        "defaultValue": "allow",
        "information": ""
      },
      {
        "previewTitle": "SAMPLE TYPE",
        "name": "sampleType",
        "isPartOfCombination": true,
        "step": "3"
      },
      {
        "previewTitle": "SAMPLE FILE",
        "name": "links",
        "label": "Sample file",
        "placeholder": "https://",
        "help": "Please enter the URL to a sample of your dataset file and click \"ADD FILE\" to validate the data. This file should reveal the data structure of your dataset, e.g. by including the header and one line of a CSV file. This file URL will be publicly available after publishing.",
        "infotip": "Please provide an accurate representation of the actual dataset with sample values. Your sample file should not contain actual values for security reasons. If you are linking your sample asset's endpoint through a URL, please ensure the URL is from a trusted and secure source. <br/>Please see the list of denied file formats in our [FAQs](/help/en-us)",
        "type": "fancySampleFiles",
        "step": "3",
        "orientation": "vertical"
      },
      {
        "previewTitle": "ASSET'S SCREENSHOT",
        "name": "sampleUpload",
        "label": "Sample image",
        "help": "Research suggests that users respond more to images than texts. Capture the attention of prospective Data Consumers with a screenshot of your Asset in this step.",
        "infotip": "You are fully responsible for the content of the image. Please ensure that the uploaded content is appropriate.",
        "type": "fancyUpload",
        "step": "3",
        "orientation": "vertical"
      }
    ]
  },
  "pricing": {
    "title": "Price",
    "fields": [
      {
        "previewTitle": "PRICE TYPE",
        "name": "type",
        "label": "Pricing",
        "type": "shortToggleButton",
        "options": ["Free", "Post-pay"],
        "required": true,
        "step": "4",
        "gridSize": 12,
        "orientation": "vertical",
        "combineWith": ["pricing.price"],
        "isEditDisabled": true
      },
      {
        "previewTitle": "PRICE",
        "name": "price",
        "label": "Asset price",
        "type": "fancyPriceInput",
        "help": "The datatoken for this Asset will be worth the amount entered in USDC.",
        "required": true,
        "step": "4",
        "orientation": "vertical",
        "gridSize": 12,
        "isPartOfCombination": true
      },
      {
        "name": "baseToken",
        "required": true,
        "step": "4",

        "isPartOfCombination": true
      },
      {
        "previewTitle": "REVENUE ACCOUNT",
        "name": "paymentCollector",
        "label": "Alternate wallet address",
        "description": "By default, USDC from orders of this asset goes to the wallet you are currently connected to. Add a new wallet address if you wish to change it.",
        "placeholder": "E.g. 0x45b9000c65801e2e0c…",
        "help": "",
        "infotip": "This new wallet address will only apply to this asset and does not need to be related to your enterprise.",
        "type": "fancyRevenueAddress",
        "step": "3",
        "orientation": "vertical",
        "isEditDisabled": true
      },
      {
        "previewTitle": "SET PRICE",
        "name": "setPrice",
        "type": "radioButton",
        "options": ["setPrice", "payPerByte"],
        "optionKey": "name",
        "optionType": "setPrice",
        "defaultValue": "setPrice",
        "required": true,
        "step": "4",
        "gridSize": 12,
        "orientation": "vertical",
        "isEditDisabled": true
      }
    ]
  },
  "submission": {
    "title": "Submit"
  }
}
