{
    "@context": [
      "https://w3id.org/did/v1"
    ],
    "id": "",
    "nftAddress": "",
    "version": "4.1.0",
    "chainId": 80002,
    "metadata": {
      "created": "",
      "updated": "",
      "type": "dataset",
      "name": "[SDK] Postpay 0.01USDCOIN/BYTE Download Dataset",
      "description": "This description is written by SDK. Lorem ipsum is placeholder text commonly used for previewing layouts and visual mockups.",
      "tags": ["SDK"],
      "author": "",
      "license": "https://market.oceanprotocol.com/terms",
      "categories": [
        "Blockchain"
      ],
      "additionalInformation": {
        "termsAndConditions": true,
        "source": "ddmdevv3",
        "accessPermission": "allow",
        "organization": "",
        "signer": "",
        "postpayType": "payPerByte",
        "price": "{\"tokenAddress\":\"0xD6E0EF71AECedA1d3c6A4a3BcfFCb2EB6bfaF469\",\"tokenSymbol\":\"USDCOIN\",\"value\":\"0.01\"}"
      }
    },
    "services": [
      {
        "id": "321cf71708941cc2dd964f89d62763b484fa323db2227ebf8646de5211418102",
        "type": "access",
            "files": {
              "datatokenAddress": "0x0",
              "nftAddress": "0x0",
              "files": [
                {
                  "type": "url",
                  "url": "https://dumps.wikimedia.org/enwiki/latest/enwiki-latest-abstract10.xml.gz-rss.xml",
                  "method": "GET"
                }
              ]
            },
        "datatokenAddress": "",
        "serviceEndpoint": "https://provider.dev-v3.acentrik.io",
        "timeout": 86400,
        "description": "Long description is written by SDK. Lorem ipsum is placeholder text commonly used for previewing layouts and visual mockups.",
        "additionalInformation": {
          "source": "ddmdevv3",
          "isExperimental": true,
          "sampleType": "URL",
          "links": [],
          "input": {
            "fileType": ""
          },
          "output": {
            "fileType": "",
            "screenshot": ""
          }
        }
      }
    ],
    "event": {
    },
    "nft": {
      "address": "",
      "name": "Acentrik Asset Management Token",
      "symbol": "AAMT-001",
      "state": 0,
      "tokenURI": "",
      "owner": "",
      "created": ""
    },
    "datatokens": [
    ],
    "stats": {
      "allocated": 0,
      "orders": 0,
      "price": {
        "value": "0"
      }
    },
    "purgatory": {
      "state": false
    }
  }