{
  "market-infura-project-id": "xxxxxxxxxxxxxxxxxxxxxxxxxxxxxxxx",
  "operator-private-key": "xxxxxxxxxxxxxxxxxxxxxxxxxxxxxxxxxxxxxxxxxxxxxxxxxxxx",
  "aquarius-amoy-events-ecies-private-key": "xxxxxxxxxxxxxxxxxxxxxxxxxxxxxxxxxxxxxxxxxxxxxxxxxxxx",
  "aquarius-amoy-events-rpc": "https://polygon-amoy.infura.io/v3/xxxxxxxxxxxxxxxxxxxxxxxxxxxxxxxx",
  "aquarius-polygon-events-ecies-private-key": "xxxxxxxxxxxxxxxxxxxxxxxxxxxxxxxxxxxxxxxxxxxxxxxxxxxx",
  "aquarius-polygon-events-rpc": "https://polygon-amoy.infura.io/v3/xxxxxxxxxxxxxxxxxxxxxxxxxxxxxxxx",
  "aquarius-sepolia-events-ecies-private-key": "xxxxxxxxxxxxxxxxxxxxxxxxxxxxxxxxxxxxxxxxxxxxxxxxxxxx",
  "aquarius-sepolia-events-rpc": "https://polygon-amoy.infura.io/v3/xxxxxxxxxxxxxxxxxxxxxxxxxxxxxxxx",
  "provider-amoy-infura-project-id": "xxxxxxxxxxxxxxxxxxxxxxxxxxxxxxxx",
  "provider-amoy-private-key": "xxxxxxxxxxxxxxxxxxxxxxxxxxxxxxxxxxxxxxxxxxxxxxxxxxxx",
  "provider-amoy-network-url": "https://polygon-amoy.infura.io/v3/xxxxxxxxxxxxxxxxxxxxxxxxxxxxxxxx",
  "provider-polygon-infura-project-id": "xxxxxxxxxxxxxxxxxxxxxxxxxxxxxxxx",
  "provider-polygon-private-key": "xxxxxxxxxxxxxxxxxxxxxxxxxxxxxxxxxxxxxxxxxxxxxxxxxxxx",
  "provider-polygon-network-url": "https://polygon-amoy.infura.io/v3/xxxxxxxxxxxxxxxxxxxxxxxxxxxxxxxx",
  "provider-sepolia-infura-project-id": "xxxxxxxxxxxxxxxxxxxxxxxxxxxxxxxx",
  "provider-sepolia-private-key": "xxxxxxxxxxxxxxxxxxxxxxxxxxxxxxxxxxxxxxxxxxxxxxxxxxxx",
  "provider-sepolia-network-url": "https://polygon-amoy.infura.io/v3/xxxxxxxxxxxxxxxxxxxxxxxxxxxxxxxx",
  "provider-universal-private-key": "1234567890",
  "provider-multichain-network-url": "xxxxxxxxxxxxxxxxxxxxxxxxxxxxxxxxxxxxxxxxxxxxxxxxxxxx",
  "provider-multichain-private-key": "xxxxxxxxxxxxxxxxxxxxxxxxxxxxxxxxxxxxxxxxxxxxxxxxxxxx"
}