[
  {
    "step": 0,
    "config": [
      {
        "name": "releaseNotes",
        "title": "Release Notes",
        "type": "form",
        "fields": [
          {
            "name": "releaseNotes",
            "type": "textarea",
            "elementType": "textArea",
            "isResizable": true,
            "disabled": true,
            "multiline": true,
            "maxRows": 8,
            "itemSpacing": 12
          }
        ]
      }
    ]
  },
  {
    "step": 1,
    "config": [
      {
        "name": "marketPlace",
        "title": "Marketplace",
        "tooltip": "Fill the market place required fields.",
        "type": "form",
        "subSections": [
          {
            "name": "marketPlace",
            "title": "Marketplace",
            "tooltip": "Fill the market place required fields.",
            "type": "form",
            "fields": [
              {
                "name": "marketFeeAddress",
                "label": "Market Fee Address",
                "type": "text",
                "elementType": "input",
                "mapping": "marketFeeAddress",
                "dataType": "string",
                "require": true
              },
              {
                "name": "infuraProjectId",
                "label": "Infura Project `Id",
                "type": "text",
                "elementType": "input",
                "mapping": "infuraProjectId",
                "dataType": "string",
                "require": false,
                "invisible": true
              },
              {
                "name": "transaction_publisherMarketFixedSwapFee",
                "label": "Publisher Market Fixed Swap Fee (Optional)",
                "type": "text",
                "elementType": "input",
                "dataType": "number",
                "require": false,
                "mapping": "transaction.publisherMarketFixedSwapFee"
              },
              {
                "name": "network_amoy_encryptionProviderUri",
                "label": "Amoy Encription Provider URI",
                "type": "text",
                "elementType": "input",
                "dataType": "string",
                "require": true,
                "network": "amoy",
                "mapping": "network.amoy.encryptionProviderUri"
              },
              {
                "name": "network_sepolia_encryptionProviderUri",
                "label": "Sepolia Encription Provider URI",
                "type": "text",
                "elementType": "input",
                "dataType": "string",
                "require": true,
                "network": "sepolia",
                "mapping": "network.sepolia.encryptionProviderUri"
              },
              {
                "name": "network_polygon_encryptionProviderUri",
                "label": "Polygon Encription Provider URI",
                "type": "text",
                "elementType": "input",
                "dataType": "string",
                "require": true,
                "network": "polygon",
                "mapping": "network.polygon.encryptionProviderUri"
              }
            ],
            "border": true
          },
          {
            "name": "nftAssetManagement",
            "title": "NFT/Asset Management Token",
            "type": "form",
            "fields": [
              {
                "name": "assetManagementToken_name",
                "label": "Token Name",
                "type": "text",
                "elementType": "input",
                "dataType": "string",
                "require": true,
                "mapping": "assetManagementToken.name"
              },
              {
                "name": "assetManagementToken_symbolPrefix",
                "label": "Token Name Prefix",
                "type": "text",
                "elementType": "input",
                "dataType": "string",
                "require": true,
                "mapping": "assetManagementToken.symbolPrefix"
              },
              {
                "name": "assetManagementToken_imageUrl",
                "label": "Token Name Image URL",
                "type": "text",
                "elementType": "input",
                "dataType": "string",
                "require": true,
                "mapping": "assetManagementToken.imageUrl"
              },
              {
                "name": "assetManagementToken_imageBackground",
                "label": "Token Name Image Background",
                "type": "text",
                "elementType": "input",
                "dataType": "string",
                "require": true,
                "mapping": "assetManagementToken.imageBackground"
              }
            ],
            "border": true
          },
          {
            "name": "computeToData",
            "title": "Compute-to-Data",
            "type": "form",
            "fields": [
              {
                "name": "ipfs_expiryTime",
                "label": "Compute Output Expiry (Optional)",
                "type": "text",
                "elementType": "input",
                "dataType": "string",
                "required": false,
                "mapping": "ipfs.expiryTime"
              }
            ]
          },
          {
            "name": "defaultNodeJS",
            "subTitle": "Default NodeJS",
            "type": "form",
            "fields": [
              {
                "name": "computeOption_nodeJs_registry",
                "label": "Default NodeJS Registry",
                "type": "text",
                "elementType": "input",
                "dataType": "string",
                "require": true,
                "mapping": "computeOption.nodeJs.registry"
              },
              {
                "name": "computeOption_nodeJs_imageName",
                "label": "Default NodeJs Image Name",
                "type": "text",
                "elementType": "input",
                "dataType": "string",
                "require": true,
                "mapping": "computeOption.nodeJs.imageName"
              },
              {
                "name": "computeOption_nodeJs_image",
                "label": "Default NodeJs Image",
                "type": "text",
                "elementType": "input",
                "dataType": "string",
                "require": true,
                "mapping": "computeOption.nodeJs.image"
              },
              {
                "name": "computeOption_nodeJs_tag",
                "label": "Default NodeJs Image Tag",
                "type": "text",
                "elementType": "input",
                "dataType": "string",
                "require": true,
                "mapping": "computeOption.nodeJs.tag"
              },
              {
                "name": "computeOption_nodeJs_hash",
                "label": "Default NodeJs Image Checksum",
                "type": "text",
                "elementType": "input",
                "dataType": "string",
                "require": true,
                "mapping": "computeOption.nodeJs.hash"
              }
            ]
          },
          {
            "name": "defaultPython",
            "subTitle": "Default Python",
            "type": "form",
            "fields": [
              {
                "name": "computeOption_python_registry",
                "label": "Default Python Registry",
                "type": "text",
                "elementType": "input",
                "dataType": "string",
                "require": true,
                "mapping": "computeOption.python.registry"
              },
              {
                "name": "computeOption_python_imageName",
                "label": "Default Python Image Name",
                "type": "text",
                "elementType": "input",
                "dataType": "string",
                "require": true,
                "mapping": "computeOption.python.imageName"
              },
              {
                "name": "computeOption_python_image",
                "label": "Default Python Image",
                "type": "text",
                "elementType": "input",
                "dataType": "string",
                "require": true,
                "mapping": "computeOption.python.image"
              },
              {
                "name": "computeOption_python_tag",
                "label": "Default Python Image Tag",
                "type": "text",
                "elementType": "input",
                "dataType": "string",
                "require": true,
                "mapping": "computeOption.python.tag"
              },
              {
                "name": "computeOption_python_hash",
                "label": "C2D Default Python Image Checksum",
                "type": "text",
                "elementType": "input",
                "dataType": "string",
                "require": true,
                "mapping": "computeOption.python.hash"
              }
            ],
            "border": true
          },
          {
            "name": "featureToggle",
            "title": "Feature Toggle",
            "type": "form",
            "fields": [
              {
                "name": "customization_disableCustomDocker",
                "label": "Disable Custom Docker",
                "elementType": "dropdown",
                "dataType": "boolean",
                "require": true,
                "mapping": "customization.disableCustomDocker"
              },
              {
                "name": "customization_disableCustomDockerValidation",
                "label": "Disable Custom Docker Validation",
                "elementType": "dropdown",
                "dataType": "boolean",
                "require": true,
                "mapping": "customization.disableCustomDockerValidation"
              },
              {
                "name": "customization_disableDeveloperDetail",
                "label": "Disable Developer Detail",
                "elementType": "dropdown",
                "dataType": "boolean",
                "require": true,
                "mapping": "customization.disableDeveloperDetail"
              },
              {
                "name": "customization_disableParameterizeAsset",
                "label": "Disable Parameterize Asset",
                "elementType": "dropdown",
                "dataType": "boolean",
                "require": true,
                "mapping": "customization.disableParameterizeAsset"
              },
              {
                "name": "customization_disableFilterByContract",
                "label": "Disable Filter By Contract",
                "elementType": "dropdown",
                "dataType": "boolean",
                "require": true,
                "mapping": "customization.disableFilterByContract"
              },
              {
                "name": "customization_disableCompanyNameChangeAcknowledgement",
                "label": "Disable Company Name Change Aknowledgement (Optional)",
                "type": "text",
                "elementType": "dropdown",
                "dataType": "boolean",
                "require": false,
                "mapping": "customization.disableCompanyNameChangeAcknowledgement"
              },
              {
                "name": "customization_companyNameChangeDate",
                "label": "Company Name Change Date (Optional)",
                "type": "date",
                "elementType": "input",
                "dataType": "string",
                "require": false,
                "mapping": "customization.companyNameChangeDate"
              },
              {
                "name": "customization_asset_allowInsecureProtocol",
                "label": "Allow Insecure Protocol",
                "type": "text",
                "elementType": "dropdown",
                "dataType": "boolean",
                "require": true,
                "mapping": "customization.asset.allowInsecureProtocol"
              },
              {
                "name": "customization_disableUnlimitedTimeout",
                "label": "Disable Asset Validity Unlimited Timeout",
                "elementType": "dropdown",
                "dataType": "boolean",
                "require": true,
                "mapping": "customization.disableUnlimitedTimeout"
              }
            ],
            "border": true
          },
          {
            "name": "matomo",
            "title": "Matomo",
            "type": "form",
            "fields": [
              {
                "name": "site_baseUrl",
                "label": "Base URL (Optional)",
                "type": "text",
                "elementType": "input",
                "dataType": "string",
                "require": false,
                "mapping": "site.baseUrl"
              },
              {
                "name": "site_matomoEnable",
                "label": "Matomo Enable",
                "type": "text",
                "elementType": "dropdown",
                "dataType": "boolean",
                "require": true,
                "mapping": "site.matomoEnable"
              },
              {
                "name": "site_termsAndConditionsUrl",
                "label": "Terms and Conditions URL (Optional)",
                "type": "text",
                "elementType": "input",
                "dataType": "string",
                "require": false,
                "mapping": "site.termsAndConditionsUrl"
              },
              {
                "name": "site_matomoBaseUrl",
                "label": "Matomo Base URL (Optional)",
                "type": "text",
                "elementType": "input",
                "dataType": "string",
                "require": false,
                "mapping": "site.matomoBaseUrl"
              },
              {
                "name": "site_matomoSiteId",
                "label": "Matomo Site ID (Optional)",
                "type": "text",
                "elementType": "input",
                "dataType": "number",
                "require": false,
                "mapping": "site.matomoSiteId"
              },
              {
                "name": "site_webPortalUrl",
                "label": "Web Portal URL (Optional)",
                "type": "text",
                "elementType": "input",
                "dataType": "string",
                "require": false,
                "mapping": "site.webPortalUrl"
              }
            ],
            "border": false
          }
        ]
      },
      {
        "name": "api",
        "title": "API",
        "tooltip": "Fill the API required fields.",
        "type": "form",
        "fields": [
          {
            "name": "auth_otpDuration",
            "label": "Email OTP Duration",
            "type": "text",
            "elementType": "input",
            "dataType": "string",
            "require": true,
            "mapping": "auth.otpDuration"
          },
          {
            "name": "auth_verificationTokenDuration",
            "label": "Verification Token Duration",
            "type": "text",
            "elementType": "input",
            "dataType": "string",
            "require": true,
            "mapping": "auth.verificationTokenDuration"
          },
          {
            "name": "email_engagementTeam",
            "label": "Engagement Team",
            "type": "text",
            "elementType": "input",
            "dataType": "string",
            "require": true,
            "mapping": "email.engagementTeam"
          }
        ]
      },
      {
        "name": "web3setup",
        "title": "Web3 Setup",
        "tooltip": "Fill the API required fields.",
        "type": "form",
        "fields": [
          {
            "name": "web3Auth_network",
            "label": "Web3 Auth Network",
            "type": "text",
            "elementType": "input",
            "dataType": "string",
            "require": false,
            "mapping": "web3Auth.network"
          },
          {
            "name": "web3Auth_clientId",
            "label": "Web3 Auth Client ID",
            "type": "text",
            "elementType": "input",
            "dataType": "string",
            "require": false,
            "mapping": "web3Auth.clientId"
          }
        ]
      },
	  {
        "name": "abstractSetup",
        "title": "Abstract Setup",
        "tooltip": "Fill the API required fields.",
        "type": "form",
        "fields": [
          {
            "name": "abstract_chain",
            "label": "Abstract Account Chain",
            "type": "text",
            "elementType": "input",
            "dataType": "number",
            "require": false,
            "mapping": "abstract.chain"
          },
          {
            "name": "validationSmartContracts_amoy_orgAdmin",
            "label": "Admin session validation Amoy",
            "type": "text",
            "elementType": "input",
            "dataType": "string",
            "require": false,
            "mapping": "validationSmartContracts.amoy.orgAdmin"
          },
		  {
            "name": "validationSmartContracts_amoy_orgUser",
            "label": "User session validation Amoy",
            "type": "text",
            "elementType": "input",
            "dataType": "string",
            "require": false,
            "mapping": "validationSmartContracts.amoy.orgUser"
          },
		  {
            "name": "validationSmartContracts_polygon_orgAdmin",
            "label": "Admin session validation Polygon",
            "type": "text",
            "elementType": "input",
            "dataType": "string",
            "require": false,
            "mapping": "validationSmartContracts.polygon.orgAdmin"
          },
		  {
            "name": "validationSmartContracts_polygon_orgUser",
            "label": "User session validation Polygon",
            "type": "text",
            "elementType": "input",
            "dataType": "string",
            "require": false,
            "mapping": "validationSmartContracts.polygon.orgUser"
          }
        ]
      },
      {
        "name": "indexer",
        "title": "Indexer",
        "tooltip": "Fill the Indexer required fields.",
        "type": "form",
        "fields": [
          {
            "name": "blockChunkSize",
            "label": "Event Block Chunk Size",
            "type": "text",
            "elementType": "input",
            "dataType": "number",
            "require": true,
            "mapping": "blockChunkSize"
          },
          {
            "name": "events_requestTimeout",
            "label": "Event Request Timeout",
            "type": "text",
            "elementType": "input",
            "dataType": "number",
            "require": true,
            "mapping": "events.requestTimeout"
          }
        ]
      },
      {
        "name": "edgeComputingCluster",
        "type": "form",
        "title": "Edge Computing Cluster",
        "tooltip": "Fill the Edge Computing Cluster required fields.",
        "subSections": [
          {
            "name": "edgeComputingCluster",
            "title": "Edge Computing Cluster",
            "tooltip": "Fill the Edge Computing Cluster required fields.",
            "type": "form",
            "fields": [
              {
                "name": "authorizedDecrypters",
                "label": "Authorized Decrypter",
                "type": "text",
                "elementType": "input",
                "dataType": "stringArray",
                "require": true,
                "mapping": "authorizedDecrypters"
              },
              {
                "name": "operatorAddress",
                "label": "Operator Address",
                "type": "text",
                "elementType": "input",
                "dataType": "string",
                "require": false,
                "invisible": true,
                "mapping": "operatorAddress"
              },
              {
                "name": "allowedProviders",
                "label": "Allowed Providers",
                "type": "text",
                "elementType": "input",
                "dataType": "stringArray",
                "require": false,
                "invisible": true,
                "mapping": "allowedProviders"
              }
            ],
            "border": true
          },
          {
            "name": "resources",
            "title": "Resources",
            "type": "form",
            "fields": [
              {
                "name": "resource_inputVolumeSize",
                "label": "Input Volume Size",
                "type": "text",
                "elementType": "input",
                "dataType": "string",
                "require": true,
                "mapping": "resource.inputVolumeSize"
              },
              {
                "name": "resource_outputVolumeSize",
                "label": "Output Volume Size",
                "type": "text",
                "elementType": "input",
                "dataType": "string",
                "require": true,
                "mapping": "resource.outputVolumeSize"
              },
              {
                "name": "resource_adminLogsVolumeSize",
                "label": "Admin Logs Volume Size",
                "type": "text",
                "elementType": "input",
                "dataType": "string",
                "require": true,
                "mapping": "resource.adminLogsVolumeSize"
              },
              {
                "name": "maxJobDuration",
                "label": "Max. Job Duration",
                "type": "text",
                "elementType": "input",
                "dataType": "number",
                "require": true,
                "mapping": "maxJobDuration"
              }
            ],
            "border": true
          },
          {
            "name": "jobContainer",
            "title": "Job Container",
            "type": "form",
            "fields": [
              {
                "name": "pod_configurationContainer",
                "label": "Configuration Container",
                "type": "text",
                "elementType": "input",
                "dataType": "string",
                "require": true,
                "mapping": "pod.configurationContainer"
              },
              {
                "name": "pod_publishContainer",
                "label": "Publish Container",
                "type": "text",
                "elementType": "input",
                "dataType": "string",
                "require": true,
                "mapping": "pod.publishContainer"
              }
            ],
            "border": true
          },
          {
            "name": "awsBucket",
            "title": "AWS Bucket",
            "type": "form",
            "fields": [
              {
                "name": "aws_bucket_output",
                "label": "Output (Optional)",
                "type": "text",
                "elementType": "input",
                "dataType": "string",
                "require": false,
                "mapping": "aws.bucket.output"
              },
              {
                "name": "aws_bucket_adminlogs",
                "label": "Admin Logs (Optional)",
                "type": "text",
                "elementType": "input",
                "dataType": "string",
                "require": false,
                "mapping": "aws.bucket.adminlogs"
              }
            ],
            "border": true
          },
          {
            "name": "ipfs",
            "title": "IPFS",
            "type": "form",
            "fields": [
              {
                "name": "ipfs_enabled",
                "label": "Enabled (Optional)",
                "type": "text",
                "elementType": "input",
                "dataType": "string",
                "require": false,
                "mapping": "ipfs.enabled"
              }
            ],
            "border": true
          },
          {
            "name": "resouces",
            "title": "Resources",
            "type": "form",
            "fields": [
              {
                "name": "env_nCpu",
                "label": "nCPU",
                "type": "text",
                "elementType": "input",
                "dataType": "number",
                "require": true,
                "mapping": "env.nCpu"
              },
              {
                "name": "env_ramGB",
                "label": "Ram GB",
                "type": "text",
                "elementType": "input",
                "dataType": "number",
                "require": true,
                "mapping": "env.ramGB"
              },
              {
                "name": "env_diskGB",
                "label": "Disk GB",
                "type": "text",
                "elementType": "input",
                "dataType": "number",
                "require": true,
                "mapping": "env.diskGB"
              },
              {
                "name": "env_priceMinute",
                "label": "Price Per Minute",
                "type": "text",
                "elementType": "input",
                "dataType": "number",
                "require": true,
                "mapping": "env.priceMinute"
              }
            ],
            "border": false
          }
        ]
      }
    ]
  },
  {
    "step": 2,
    "config": [
      {
        "name": "marketPlace",
        "title": "Marketplace",
        "tooltip": "Fill the Marketplace required fields.",
        "type": "form",
        "fields": [
          {
            "name": "market-infura-project-id",
            "label": "Infura Project Id (optional)",
            "type": "text",
            "elementType": "input",
            "dataType": "string",
            "require": false,
            "mapping": "market-infura-project-id"
          },
          {
            "name": "provider-amoy-infura-project-id",
            "label": "Provider Amoy Infura Project Id",
            "type": "text",
            "elementType": "input",
            "dataType": "string",
            "network": "amoy",
            "require": false,
            "mapping": "provider-amoy-infura-project-id"
          },
          {
            "name": "provider-polygon-infura-project-id",
            "label": "Provider Polygon Infura Project Id",
            "type": "text",
            "elementType": "input",
            "dataType": "string",
            "require": false,
            "network": "polygon",
            "mapping": "provider-polygon-infura-project-id"
          },
          {
            "name": "provider-sepolia-infura-project-id",
            "label": "Provider Sepolia Infura Project Id",
            "type": "text",
            "elementType": "input",
            "dataType": "string",
            "require": false,
            "network": "sepolia",
            "mapping": "provider-sepolia-infura-project-id"
          }
        ]
      },
      {
        "name": "indexer",
        "title": "Indexer",
        "tooltip": "Fill the Indexer required fields.",
        "type": "form",
        "fields": [
          {
            "name": "aquarius-amoy-events-ecies-private-key",
            "label": "Aquarius Amoy Private Key",
            "type": "text",
            "elementType": "input",
            "dataType": "string",
            "require": true,
            "network": "amoy",
            "mapping": "aquarius-amoy-events-ecies-private-key"
          },
          {
            "name": "aquarius-polygon-events-ecies-private-key",
            "label": "Aquarius Polygon Private Key",
            "type": "text",
            "elementType": "input",
            "dataType": "string",
            "require": true,
            "network": "polygon",
            "mapping": "aquarius-polygon-events-ecies-private-key"
          },
          {
            "name": "aquarius-sepolia-events-ecies-private-key",
            "label": "Aquarius Sepolia Private Key",
            "type": "text",
            "elementType": "input",
            "dataType": "string",
            "require": true,
            "network": "sepolia",
            "mapping": "aquarius-sepolia-events-ecies-private-key"
          },

          {
            "name": "aquarius-amoy-events-rpc",
            "label": "Aquarius Amoy Events RPC",
            "type": "text",
            "elementType": "input",
            "dataType": "string",
            "require": true,
            "network": "amoy",
            "mapping": "aquarius-amoy-events-rpc"
          },
          {
            "name": "aquarius-polygon-events-rpc",
            "label": "Aquarius Polygon Events RPC",
            "type": "text",
            "elementType": "input",
            "dataType": "string",
            "require": true,
            "network": "polygon",
            "mapping": "aquarius-polygon-events-rpc"
          },
          {
            "name": "aquarius-sepolia-events-rpc",
            "label": "Aquarius Sepolia Events RPC",
            "type": "text",
            "elementType": "input",
            "dataType": "string",
            "require": true,
            "network": "sepolia",
            "mapping": "aquarius-sepolia-events-rpc"
          },
          {
            "name": "provider-amoy-network-url",
            "label": "Provider Amoy Network Url",
            "type": "text",
            "elementType": "input",
            "dataType": "string",
            "require": false,
            "network": "amoy",
            "mapping": "provider-amoy-network-url"
          },
          {
            "name": "provider-polygon-network-url",
            "label": "Provider Polygon Network Url",
            "type": "text",
            "elementType": "input",
            "dataType": "string",
            "require": false,
            "network": "polygon",
            "mapping": "provider-polygon-network-url"
          },
          {
            "name": "provider-sepolia-network-url",
            "label": "Provider Sepolia Network Url",
            "type": "text",
            "elementType": "input",
            "dataType": "string",
            "require": false,
            "network": "sepolia",
            "mapping": "provider-sepolia-network-url"
          }
        ]
      },
      {
        "name": "edgeComputingCluster",
        "type": "form",
        "title": "Edge Computing Cluster",
        "fields": [
          {
            "name": "provider-amoy-private-key",
            "label": "Provider Amoy Private Key",
            "type": "text",
            "elementType": "input",
            "dataType": "string",
            "require": true,
            "network": "amoy",
            "publicKey": "allowedProviders",
            "mapping": "provider-amoy-private-key"
          },
          {
            "name": "provider-polygon-private-key",
            "label": "Provider Polygon Private Key",
            "type": "text",
            "elementType": "input",
            "dataType": "string",
            "require": true,
            "network": "polygon",
            "publicKey": "allowedProviders",
            "mapping": "provider-polygon-private-key"
          },
          {
            "name": "provider-sepolia-private-key",
            "label": "Provider Sepolia Private Key",
            "type": "text",
            "elementType": "input",
            "dataType": "string",
            "require": true,
            "network": "sepolia",
            "publicKey": "allowedProviders",
            "mapping": "provider-sepolia-private-key"
          },
          {
            "name": "operator-private-key",
            "label": "Operator Private Key",
            "type": "text",
            "elementType": "input",
            "dataType": "string",
            "require": true,
            "publicKey": "operatorAddress",
            "mapping": "operator-private-key"
          }
        ]
      }
    ]
  },
  {
    "step": 3,
    "config": [
      {
        "name": "reviewAndDeploy",
        "title": "Review & Deploy",
        "fields": []
      }
    ]
  }
]
