[
  {
    "heading": "Theme Colors",
    "sections": [
      {
        "heading": "Primary Color",
        "items": [
          {
            "label": "Default",
            "name": "--primary-color",
            "initial_value": "#006781"
          },
          {
            "label": "Active",
            "name": "--primary-color-active",
            "initial_value": "#005b72"
          },
          {
            "label": "Hover",
            "name": "--primary-color-hover",
            "initial_value": "#14738b"
          },
          {
            "label": "Outline Background Active",
            "name": "--primary-color-outline-background-active",
            "initial_value": "#cce1e6"
          },
          {
            "label": "Outline Background Hover",
            "name": "--primary-color-outline-background-hover",
            "initial_value": "#ebf3f5"
          }
        ]
      },
      {
        "heading": "Secondary Color",
        "items": [
          {
            "label": "Default",
            "name": "--secondary-color",
            "initial_value": "#006399"
          },
          {
            "label": "Active",
            "name": "--secondary-color-active",
            "initial_value": "#95ccff"
          },
          {
            "label": "Hover",
            "name": "--secondary-color-hover",
            "initial_value": "#cde5ff"
          }
        ]
      }
    ]
  },
  {
    "heading": "Text Colors",
    "sections": [
      {
        "items": [
          {
            "label": "Light Text 1",
            "name": "--light-text-1",
            "initial_value": "#1d1b1e"
          },
          {
            "label": "Light Text 2",
            "name": "--light-text-2",
            "initial_value": "#494649"
          },
          {
            "label": "Light Text 3",
            "name": "--light-text-3",
            "initial_value": "#8e8d8f"
          }
        ]
      },
      {
        "items": [
          {
            "label": "Dark Text 1",
            "name": "--dark-text-1",
            "initial_value": "#f8f9fb"
          },
          {
            "label": "Dark Text 2",
            "name": "--dark-text-2",
            "initial_value": "#def4ff"
          },
          {
            "label": "Dark Text 3",
            "name": "--dark-text-3",
            "initial_value": "#777678"
          }
        ]
      }
    ]
  },
  {
    "heading": "Background Colors",
    "sections": [
      {
        "items": [
          {
            "label": "Surface 0",
            "name": "--surface-0-color",
            "initial_value": "#f8f9fb"
          },
          {
            "label": "Surface 1",
            "name": "--surface-1-color",
            "initial_value": "#eff2f9"
          },
          {
            "label": "Surface 2",
            "name": "--surface-2-color",
            "initial_value": "#e6ebf8"
          },
          {
            "label": "Surface 3",
            "name": "--surface-3-color",
            "initial_value": "#dde4f6"
          },
          {
            "label": "Surface 4",
            "name": "--surface-4-color",
            "initial_value": "#d4ddf5"
          }
        ]
      }
    ]
  },
  {
    "heading": "Neutral Colors",
    "sections": [
      {
        "heading": "Default",
        "items": [
          {
            "label": "Light",
            "name": "--neutral-50-color",
            "initial_value": "#777678"
          },
          {
            "label": "Dark",
            "name": "--neutral-60-color",
            "initial_value": "#8e8d8f"
          },
          {
            "label": "Border",
            "name": "--neutral-70-color",
            "initial_value": "#a5a4a5"
          },
          {
            "label": "Status Default Background",
            "name": "--neutral-99-color",
            "initial_value": "#f8f9fb"
          },
          {
            "label": "Disabled Background",
            "name": "--neutral-95-color",
            "initial_value": "#e8e8e9"
          }
        ]
      }
    ]
  },
  {
    "heading": "Status Colors - Success",
    "sections": [
      {
        "items": [
          {
            "label": "Default",
            "name": "--success-color",
            "initial_value": "#3aac58"
          },
          {
            "label": "Active",
            "name": "--success-color-active",
            "initial_value": "#236735"
          },
          {
            "label": "Hover",
            "name": "--success-color-hover",
            "initial_value": "#2e8a46"
          },
          {
            "label": "Text",
            "name": "--success-color-text",
            "initial_value": "#174523"
          },
          {
            "label": "Background",
            "name": "--success-color-background",
            "initial_value": "#f0faf2"
          },
          {
            "label": "Border",
            "name": "--success-color-border",
            "initial_value": "#174523"
          },
          {
            "label": "Toast",
            "name": "--success-color-toast",
            "initial_value": "#174523"
          },
          {
            "label": "Toast Background",
            "name": "--success-color-toast-background",
            "initial_value": "#f0faf2"
          }
        ]
      }
    ]
  },
  {
    "heading": "Status Colors - Warning",
    "sections": [
      {
        "items": [
          {
            "label": "Default",
            "name": "--warning-color",
            "initial_value": "#ee9500"
          },
          {
            "label": "Active",
            "name": "--warning-color-active",
            "initial_value": "#8f5900"
          },
          {
            "label": "Hover",
            "name": "--warning-color-hover",
            "initial_value": "#be7700"
          },
          {
            "label": "Text",
            "name": "--warning-color-text",
            "initial_value": "#5f3c00"
          },
          {
            "label": "Background",
            "name": "--warning-color-background",
            "initial_value": "#fef7eb"
          },
          {
            "label": "Border",
            "name": "--warning-color-border",
            "initial_value": "#5f3c00"
          },
          {
            "label": "Toast",
            "name": "--warning-color-toast",
            "initial_value": "#f8f9fb"
          },
          {
            "label": "Toast Background",
            "name": "--warning-color-toast-background",
            "initial_value": "#fef7eb"
          }
        ]
      },
      {
        "heading": "Banner",
        "items": [
          {
            "label": "Text",
            "name": "--warning-color-text-banner",
            "initial_value": "#5f3c00"
          },
          {
            "label": "Border",
            "name": "--warning-color-border-banner",
            "initial_value": "#ffffff"
          },
          {
            "label": "Background",
            "name": "--warning-color-background-banner",
            "initial_value": "#fef7eb"
          }
        ]
      },
      {
        "heading": "Message",
        "items": [
          {
            "label": "Text",
            "name": "--warning-color-text-message",
            "initial_value": "#5f3c00"
          },
          {
            "label": "Border",
            "name": "--warning-color-border-message",
            "initial_value": "#5f3c00"
          },
          {
            "label": "Background",
            "name": "--warning-color-background-message",
            "initial_value": "#fef7eb"
          }
        ]
      }
    ]
  },
  {
    "heading": "Status Colors - Info",
    "sections": [
      {
        "items": [
          {
            "label": "Default",
            "name": "--info-color",
            "initial_value": "#006CE5"
          },
          {
            "label": "Hover",
            "name": "--info-color-hover",
            "initial_value": "#004189"
          },
          {
            "label": "Active",
            "name": "--info-color-active",
            "initial_value": "#0056b7"
          },
          {
            "label": "Text",
            "name": "--info-color-text",
            "initial_value": "#002b5c"
          },
          {
            "label": "Background",
            "name": "--info-color-background",
            "initial_value": "#e5f0fc"
          },
          {
            "label": "Border",
            "name": "--info-color-border",
            "initial_value": "#002b5c"
          },
          {
            "label": "Toast",
            "name": "--info-color-toast-background",
            "initial_value": "#002b5c"
          },
          {
            "label": "Toast Background",
            "name": "--info-color-toast",
            "initial_value": "#e5f0fc"
          }
        ]
      },
      {
        "heading": "Banner",
        "items": [
          {
            "label": "Text",
            "name": "--info-color-text-banner",
            "initial_value": "#002b5c"
          },
          {
            "label": "Border",
            "name": "--info-color-border-banner",
            "initial_value": "#e5f0fc"
          },
          {
            "label": "Background",
            "name": "--info-color-background-banner",
            "initial_value": "#e5f0fc"
          }
        ]
      },
      {
        "heading": "Message",
        "items": [
          {
            "label": "Text",
            "name": "--info-color-text-message",
            "initial_value": "#002b5c"
          },
          {
            "label": "Border",
            "name": "--info-color-background-message",
            "initial_value": "#e5f0fc"
          },
          {
            "label": "Background",
            "name": "--info-color-border-message",
            "initial_value": "#e5f0fc"
          }
        ]
      }
    ]
  },
  {
    "heading": "Status Colors - Danger",
    "sections": [
      {
        "items": [
          {
            "label": "Default",
            "name": "--danger-color",
            "initial_value": "#ec482c"
          },
          {
            "label": "Active",
            "name": "--danger-color-hover",
            "initial_value": "#8e2e1a"
          },
          {
            "label": "Hover",
            "name": "--danger-color-active",
            "initial_value": "#bd3e23"
          },
          {
            "label": "Text",
            "name": "--danger-color-text",
            "initial_value": "#5e1f12"
          },
          {
            "label": "Background",
            "name": "--danger-color-background",
            "initial_value": "#fdf1ee"
          },
          {
            "label": "Background Input",
            "name": "--danger-color-background-input",
            "initial_value": "#fdf1ee"
          },
          {
            "label": "Toast",
            "name": "--danger-color-toast",
            "initial_value": "#5e1f12"
          },
          {
            "label": "Toast Background",
            "name": "--danger-color-toast-background",
            "initial_value": "#fdf1ee"
          }
        ]
      },
      {
        "heading": "Banner",
        "items": [
          {
            "label": "Text",
            "name": "--danger-color-text-banner",
            "initial_value": "#ec482c"
          },
          {
            "label": "Border",
            "name": "--danger-color-border-banner",
            "initial_value": "#010100"
          },
          {
            "label": "Background",
            "name": "--danger-color-background-banner",
            "initial_value": "#fdf1ee"
          }
        ]
      },
      {
        "heading": "Message",
        "items": [
          {
            "label": "Text",
            "name": "--danger-color-text-message",
            "initial_value": "#ec482c"
          },
          {
            "label": "Border",
            "name": "--danger-color-background-message",
            "initial_value": "#010100"
          },
          {
            "label": "Background",
            "name": "--danger-color-border-message",
            "initial_value": "#fdf1ee"
          }
        ]
      }
    ]
  },
  {
    "heading": "Asset Tag Colors",
    "sections": [
      {
        "heading": "Dataset",
        "items": [
          {
            "label": "Text",
            "name": "--acentrik-tag-dataset-color",
            "initial_value": "#194584"
          },
          {
            "label": "Background",
            "name": "--acentrik-tag-dataset-background-color",
            "initial_value": "#e8ecf3"
          }
        ]
      },
      {
        "heading": "Private",
        "items": [
          {
            "label": "Text",
            "name": "--acentrik-tag-private-color",
            "initial_value": "#88432a"
          },
          {
            "label": "Background",
            "name": "--acentrik-tag-private-background-color",
            "initial_value": "#f5eeeb"
          }
        ]
      },
      {
        "heading": "Compute",
        "items": [
          {
            "label": "Text",
            "name": "--acentrik-tag-compute-color",
            "initial_value": "#763267"
          },
          {
            "label": "Background",
            "name": "--acentrik-tag-compute-background-color",
            "initial_value": "#f4edf3"
          }
        ]
      },
      {
        "heading": "Download",
        "items": [
          {
            "label": "Text",
            "name": "--acentrik-tag-download-color",
            "initial_value": "#3f3b91"
          },
          {
            "label": "Background",
            "name": "--acentrik-tag-download-background-color",
            "initial_value": "#f1f1f7"
          }
        ]
      },
      {
        "heading": "Algorithm",
        "items": [
          {
            "label": "Text",
            "name": "--acentrik-tag-algorithm-color",
            "initial_value": "#565029"
          },
          {
            "label": "Background",
            "name": "--acentrik-tag-algorithm-background-color",
            "initial_value": "#f0f0ec"
          }
        ]
      },
      {
        "heading": "Public",
        "items": [
          {
            "label": "Text",
            "name": "--acentrik-tag-public-color",
            "initial_value": "#005d4d"
          },
          {
            "label": "Background",
            "name": "--acentrik-tag-public-background-color",
            "initial_value": "#e9f1f2"
          }
        ]
      }
    ]
  }
]