{
  "type": "dataset",
  "name": "ShivamD 7417 Free Dataset Download - 1",
  "description": "Overview\nProvide a brief description of your dataset.\nOverview\nProvide a brief description of your dataset.",
  "assetUrl": "https://raw.githubusercontent.com/krisliew/Utility-for-fun/master/heart.csv",
  "tags": ["test-tag"],
  "categories": ["Energy"],
  "accessPermission": "allow",
  "author": "SHivamD",
  "timeout": 900,
  "isExperimental": true,
  "eulaUrl": "https://google.com",
  "serviceType": "access",
  "serviceEndpoint": "https://provider.dev-adhoc.acentrik.io",
  "priceType": "Free"
}

