{
  "@context": [
    "https://w3id.org/did/v1"
  ],
  "id": "",
  "nftAddress": "",
  "version": "4.1.0",
  "chainId": 80002,
  "metadata": {
    "created": "",
    "updated": "",
    "type": "algorithm",
    "name": "[SDK] Premium Public Algorithm",
    "description": "This description is written by SDK. Lorem ipsum is placeholder text commonly used for previewing layouts and visual mockups.",
    "tags": ["SDK"],
    "author": "",
    "license": "https://market.oceanprotocol.com/terms",
    "categories": [
      "Automotive"
    ],
    "additionalInformation": {
      "termsAndConditions": true,
      "source": "ddmdevv3",
      "accessPermission": "allow",
      "organization": "",
      "signer": "",
      "algorithmType": "Basic"
    },
    "algorithm": {
      "language": "python3.7",
      "version": "0.1",
      "container": {
        "entrypoint": "python $ALGO",
        "image": "public.ecr.aws/acentrik/algo_dockers/python",
        "tag": "3.7-nonroot",
        "checksum": "sha256:bbdc482a459993f251c7d53841e19f30e37f941ae16d2d4b6127302c47363c95"
      }
    }
  },
  "services": [
    {
      "id": "aac3dfdf1f259985dfeda9f4ad866e6a5d3b274aaea49f0a4c9ce7bd9a1c02ad",
      "type": "access",
      "files": {
        "datatokenAddress": "0x0",
        "nftAddress": "0x0",
        "files": [
          {
            "type": "url",
            "url": "https://raw.githubusercontent.com/krisliew/Utility-for-fun/master/Heart.py",
            "method": "GET"
          }
        ]
      },
      "datatokenAddress": "",
      "serviceEndpoint": "https://provider.dev-v3.acentrik.io",
      "timeout": 86400,
      "description": "Long description is written by SDK. Lorem ipsum is placeholder text commonly used for previewing layouts and visual mockups.",
      "additionalInformation": {
        "source": "ddmdevv3",
        "isExperimental": false,
        "sampleType": "URL",
        "links": [],
        "input": {
          "fileType": ""
        },
        "output": {
          "fileType": "",
          "screenshot": ""
        }
      }
    }
  ],
  "event": {
  },
  "nft": {
    "address": "",
    "name": "Acentrik Asset Management Token",
    "symbol": "AAMT-01",
    "state": 0,
    "tokenURI": "",
    "owner": "",
    "created": ""
  },
  "purgatory": {
    "state": false
  },
  "datatokens": [
  ],
  "stats": {
    "allocated": 0,
    "orders": 0,
    "price": {
      "value": "1"
    }
  }
}