{
    "swagger": "2.0",
    "info": {
        "contact": {}
    },
    "paths": {
        "/api/v1/instance/accept-invite": {
            "post": {
                "description": "Save details of invited user in Keycloak.",
                "produces": [
                    "application/json"
                ],
                "tags": [
                    "user"
                ],
                "summary": "Accept Invite",
                "parameters": [
                    {
                        "description": "Create user in keycloak",
                        "name": "tags",
                        "in": "body",
                        "required": true,
                        "schema": {
                            "$ref": "#/definitions/request.AcceptInviteRequest"
                        }
                    }
                ],
                "responses": {
                    "200": {
                        "description": "OK",
                        "schema": {
                            "$ref": "#/definitions/response.AcceptInviteResponse"
                        }
                    }
                }
            }
        },
        "/api/v1/instance/access-token": {
            "post": {
                "description": "Generate Access Token",
                "produces": [
                    "application/json"
                ],
                "tags": [
                    "user"
                ],
                "summary": "Generate Access Token",
                "parameters": [
                    {
                        "description": "Generate Token",
                        "name": "tags",
                        "in": "body",
                        "required": true,
                        "schema": {
                            "$ref": "#/definitions/models.JWT"
                        }
                    }
                ],
                "responses": {
                    "200": {
                        "description": "OK",
                        "schema": {
                            "$ref": "#/definitions/response.LoginUserResponse"
                        }
                    }
                }
            }
        },
        "/api/v1/instance/invite-user": {
            "post": {
                "description": "Save details of invited user in Db.",
                "produces": [
                    "application/json"
                ],
                "tags": [
                    "user"
                ],
                "summary": "Invite Instance User",
                "parameters": [
                    {
                        "description": "Create user",
                        "name": "tags",
                        "in": "body",
                        "required": true,
                        "schema": {
                            "$ref": "#/definitions/request.InviteUserRequest"
                        }
                    }
                ],
                "responses": {
                    "200": {
                        "description": "OK",
                        "schema": {
                            "$ref": "#/definitions/response.InviteUserResponse"
                        }
                    }
                }
            }
        },
        "/api/v1/instance/invited/user-state": {
            "get": {
                "description": "Get Invited User State",
                "produces": [
                    "application/json"
                ],
                "tags": [
                    "user"
                ],
                "summary": "Get Invited User State",
                "responses": {
                    "200": {
                        "description": "OK",
                        "schema": {
                            "$ref": "#/definitions/models.InstanceUserProfile"
                        }
                    }
                }
            }
        },
        "/api/v1/instance/login": {
            "put": {
                "description": "Login User and give token",
                "produces": [
                    "application/json"
                ],
                "tags": [
                    "user"
                ],
                "summary": "Login User",
                "parameters": [
                    {
                        "description": "Login user",
                        "name": "tags",
                        "in": "body",
                        "required": true,
                        "schema": {
                            "$ref": "#/definitions/request.UserLoginRequest"
                        }
                    }
                ],
                "responses": {
                    "200": {
                        "description": "OK",
                        "schema": {
                            "$ref": "#/definitions/response.LoginUserResponse"
                        }
                    }
                }
            }
        },
        "/api/v1/instance/users/:profileId/roles": {
            "get": {
                "description": "Get Invited User State",
                "produces": [
                    "application/json"
                ],
                "tags": [
                    "user"
                ],
                "summary": "Get User Profile Roles",
                "responses": {
                    "200": {
                        "description": "OK",
                        "schema": {
                            "$ref": "#/definitions/response.GetUserProfileRolesResp"
                        }
                    }
                }
            }
        }
    },
    "definitions": {
        "gocloak.CompositesRepresentation": {
            "type": "object",
            "properties": {
                "client": {
                    "type": "object",
                    "additionalProperties": {
                        "type": "array",
                        "items": {
                            "type": "string"
                        }
                    }
                },
                "realm": {
                    "type": "array",
                    "items": {
                        "type": "string"
                    }
                }
            }
        },
        "gocloak.Role": {
            "type": "object",
            "properties": {
                "attributes": {
                    "type": "object",
                    "additionalProperties": {
                        "type": "array",
                        "items": {
                            "type": "string"
                        }
                    }
                },
                "clientRole": {
                    "type": "boolean"
                },
                "composite": {
                    "type": "boolean"
                },
                "composites": {
                    "$ref": "#/definitions/gocloak.CompositesRepresentation"
                },
                "containerId": {
                    "type": "string"
                },
                "description": {
                    "type": "string"
                },
                "id": {
                    "type": "string"
                },
                "name": {
                    "type": "string"
                },
                "scopeParamRequired": {
                    "type": "boolean"
                }
            }
        },
        "models.InstanceUserProfile": {
            "type": "object",
            "properties": {
                "allowedRoles": {
                    "type": "string"
                },
                "createdBy": {
                    "type": "string"
                },
                "createdDate": {
                    "type": "string"
                },
                "email": {
                    "type": "string"
                },
                "id": {
                    "type": "integer"
                },
                "lastUpdateDate": {
                    "type": "string"
                },
                "lastUpdatedBy": {
                    "type": "string"
                },
                "profileId": {
                    "type": "string"
                },
                "remark": {
                    "type": "string"
                },
                "state": {
                    "type": "string"
                },
                "userAcceptDate": {
                    "type": "string"
                },
                "userInviteDate": {
                    "type": "string"
                }
            }
        },
        "models.JWT": {
            "type": "object",
            "properties": {
                "access_token": {
                    "type": "string"
                },
                "expires_in": {
                    "type": "integer"
                },
                "id_token": {
                    "type": "string"
                },
                "not-before-policy": {
                    "type": "integer"
                },
                "refresh_expires_in": {
                    "type": "integer"
                },
                "refresh_token": {
                    "type": "string"
                },
                "scope": {
                    "type": "string"
                },
                "session_state": {
                    "type": "string"
                },
                "token_type": {
                    "type": "string"
                }
            }
        },
        "request.AcceptInviteRequest": {
            "type": "object",
            "required": [
                "password"
            ],
            "properties": {
                "password": {
                    "type": "string",
                    "minLength": 12
                }
            }
        },
        "request.InviteUserRequest": {
            "type": "object",
            "required": [
                "email",
                "roles"
            ],
            "properties": {
                "email": {
                    "type": "string"
                },
                "remark": {
                    "type": "string"
                },
                "roles": {
                    "type": "array",
                    "minItems": 1,
                    "items": {
                        "type": "string"
                    }
                }
            }
        },
        "request.UserLoginRequest": {
            "type": "object",
            "required": [
                "email",
                "password"
            ],
            "properties": {
                "email": {
                    "type": "string"
                },
                "password": {
                    "type": "string"
                }
            }
        },
        "response.AcceptInviteResponse": {
            "type": "object",
            "properties": {
                "status": {
                    "type": "string"
                }
            }
        },
        "response.GetUserProfileRolesResp": {
            "type": "object",
            "properties": {
                "data": {
                    "$ref": "#/definitions/response.UserProfileRolesResponse"
                }
            }
        },
        "response.InviteUserResponse": {
            "type": "object",
            "properties": {
                "status": {
                    "type": "string"
                }
            }
        },
        "response.LoginResp": {
            "type": "object",
            "properties": {
                "access_token": {
                    "type": "string"
                },
                "expires_in": {
                    "type": "integer"
                },
                "refresh_expires_in": {
                    "type": "integer"
                },
                "refresh_token": {
                    "type": "string"
                },
                "scope": {
                    "type": "string"
                },
                "token_type": {
                    "type": "string"
                }
            }
        },
        "response.LoginUserResponse": {
            "type": "object",
            "properties": {
                "data": {
                    "$ref": "#/definitions/response.LoginResp"
                }
            }
        },
        "response.UserProfileRolesResponse": {
            "type": "object",
            "properties": {
                "roles": {
                    "type": "array",
                    "items": {
                        "$ref": "#/definitions/gocloak.Role"
                    }
                }
            }
        }
    }
}