{
    "@context": [
      "https://w3id.org/did/v1"
    ],
    "id": "",
    "nftAddress": "",
    "version": "4.1.0",
    "chainId": 80002,
    "metadata": {
      "created": "",
      "updated": "",
      "type": "dataset",
      "name": "[SDK] Premium Compute",
      "description": "This description is written by SDK. Lorem ipsum is placeholder text commonly used for previewing layouts and visual mockups.",
      "tags": ["SDK"],
      "author": "",
      "license": "https://market.oceanprotocol.com/terms",
      "categories": [
        "Blockchain"
      ],
      "additionalInformation": {
        "source": "ddmdevv3",
        "accessPermission": "allow",
        "organization": "",
        "signer": "",
        "aggregateC2D": false
      }
    },
    "services": [
      {
        "id": "4eeb9bcc6ec0d2116a869c3fd9bb70bc89f2de423b2d8247fa53db7a0696cfe7",
        "type": "compute",
        "files": {
          "datatokenAddress": "0x0",
          "nftAddress": "0x0",
          "files": [
            {
              "type": "url",
              "url": "https://raw.githubusercontent.com/krisliew/Utility-for-fun/master/heart.csv",
              "method": "GET"
            }
          ]
        },
        "datatokenAddress": "",
        "serviceEndpoint": "https://provider.dev-v3.acentrik.io",
        "timeout": 86400,
        "compute": {
          "allowRawAlgorithm": false,
          "allowNetworkAccess": true,
          "publisherTrustedAlgorithmPublishers": [],
          "publisherTrustedAlgorithms": []
        },
        "description": "Long description is written by SDK. Lorem ipsum is placeholder text commonly used for previewing layouts and visual mockups.",
        "additionalInformation": {
          "source": "ddmdevv3",
          "isExperimental": false,
          "sampleType": "URL",
          "links": [],
          "input": {
            "fileType": ""
          },
          "output": {
            "fileType": "",
            "screenshot": ""
          }
        }
      }
    ],
    "event": {
    },
    "nft": {
      "address": "",
      "name": "Acentrik Asset Management Token",
      "symbol": "AAMT-001",
      "state": 0,
      "tokenURI": "",
      "owner": "",
      "created": ""
    },
    "purgatory": {
      "state": false
    },
    "datatokens": [
    ],
    "stats": {
      "allocated": 0,
      "orders": 0,
      "price": {
        "value": "1"
      }
    }
  }