{
    "name": "[SDK] edit dataset metadata ",
    "overview": "This is a short description textarea, please provide a text with at least 100 characters and at most 300 characters",
    "tags": ["sdk", "edit"],
    "author": "test",
    "categories": ["Energy"],
    "accessPermission": "allow",
    "eulaUrl": "https://raw.githubusercontent.com/trentmc/branin/main/branin.arff",
    "algorithmEntrypoint": "algorithm entrypoint",
    "algorithmImage": "algorithm image",
    "algorithmTag": "algorithm tag",
    "algorithmChecksum": "algorithm checksum",
    "algorithmReferenceUrl": "algorithm reference url"
}
  