{
    "type": "algorithm",
    "name": "[SDK][] Free Private Basic Algo - 1",
    "overview": "Overview details for algo",
    "description": "Overview Provide a brief description of your dataset. Overview Provide a brief description of your dataset.",
    "assetUrl": "https://raw.githubusercontent.com/krisliew/Utility-for-fun/master/Heart.py",
    "tags": ["test-tag"],
    "categories": ["Energy"],
    "accessPermission": "allow",
    "author": "",
    "timeout": 86400,
    "timeoutDurationType": "hour(s)",
    "isExperimental": true,
    "eulaUrl": "https://google.com",
    "serviceType": "private",
    "serviceEndpoint": "Default Edge Node",
    "algorithmType": "Basic",
    "algorithmEntrypoint": "python $ALGO",
    "algorithmImage": "public.ecr.aws/acentrik/algo_dockers/python",
    "algorithmTag": "3.7-nonroot",
    "algorithmChecksum": "sha256:bbdc482a459993f251c7d53841e19f30e37f941ae16d2d4b6127302c47363c95",
    "algorithmReferenceUrl": "https://gallery.ecr.aws/acentrik/algo_dockers/python"

  }
  
  