{
    "metamaskConfig": {
        "chain": "80001",
        "metaMaskAdapterConfig": {
            "rpcUrl": "",
            "privateKey": "",
            "infuraProjectId": "",
            "oceanProviderUri": "",
            "subgraphUri": "",
            "oceanAquariusUri": "",
            "chainId": ""
        }
    },
    "abstractAdapterConfig": {
        "rpcUrl": "",
        "privateKey": "",
        "infuraProjectId": "",
        "smartAccountAddress": "",
        "smartAccountBundlerKey": "",
        "smartAccountBundlerUrl": "",
        "smartAccountPaymasterKey": "",
        "smartAccountPaymasterUrl": "",
        "smartAccountSessionValidationModuleAddress": "",
        "oceanProviderUri": "",
        "subgraphUri": "",
        "oceanAquariusUri": "",
        "chainId": "",
        "biconomyDashboardAuthToken": "",
        "biconomyDashboardURL": "",
        "userRole":"",
        "merkleRoot": "",
        "sessionKeys": ""
    },
    "publishDDO": {
        "@context": [
            "https://w3id.org/did/v1"
        ],
        "id": "",
        "nftAddress": "",
        "version": "4.1.0",
        "chainId": 80001,
        "metadata": {
            "created": "2021-12-20T14:35:20Z",
            "updated": "2021-12-20T14:35:20Z",
            "type": "dataset",
            "name": "ocean-cli demo asset",
            "symbol": "OCEAN-NFT",
            "description": "asset published using ocean cli tool",
            "tags": [
                "test"
            ],
            "author": "oceanprotocol",
            "license": "https://market.oceanprotocol.com/terms",
            "additionalInformation": {
                "termsAndConditions": true
            }
        },
        "services": [
            {
                "id": "ccb398c50d6abd5b456e8d7242bd856a1767a890b537c2f8c10ba8b8a10e6025",
                "type": "access",
                "files": {
                    "datatokenAddress": "0x0",
                    "nftAddress": "0x0",
                    "files": [
                        {
                            "type": "url",
                            "url": "https://dumps.wikimedia.org/enwiki/latest/enwiki-latest-abstract10.xml.gz-rss.xml",
                            "method": "GET"
                        }
                    ]
                },
                "datatokenAddress": "",
                "serviceEndpoint": "https://v4.provider.oceanprotocol.com",
                "timeout": 86400
            }
        ],
        "event": {},
        "nft": {
            "address": "",
            "name": "Ocean Data NFT",
            "symbol": "OCEAN-NFT",
            "state": 5,
            "tokenURI": "",
            "owner": "",
            "created": ""
        },
        "purgatory": {
            "state": false
        },
        "datatokens": [],
        "stats": {
            "allocated": 0,
            "orders": 0,
            "price": {
                "value": "2"
            }
        }
    },
    "download": {
        "datasetDID": "assetDid",
        "destinationFilePath": "path"
    },
    "compute": {
        "datasetDID": "assetDid",
        "algoDid": "algoDid"
    },
    "aggregate": {
        "guid": "guid"
    },
    "multipleCompute": {
        "datasetDIDs": [
            "did1",
            "did2"
        ],
        "algoDIDs": "algoDid",
        "fedAlgoDid": "fedAlgoDid"
    },
    "getDDO": {
        "datasetDID": "assetDid"
    },
    "allowAlgo": {
        "datasetDID": "assetDid",
        "algoDID": "algoDid"
    },
    "disAllowAlgo": {
        "datasetDID": "assetDid",
        "algoDID": "algoDid"
    },
    "stopCompute": {
        "datasetDID": "assetDid",
        "jobID": "computeJobId"
    },
    "getJobStatus": {
        "datasetDID": "assetDid",
        "jobID": "computeJobId"
    },
    "getJobResults": {
        "datasetDID": "assetDid",
        "jobID": "computeJobId"
    },
    "downloadJobResults": {
        "jobID": "jobID",
        "resultIndex": "resultIndex",
        "datasetDid":"datasetDid",
        "destinationFolderPath": "destinationFolderPath"
    },
    "editAsset": {
        "datasetDID": "assetDid",
        "updatedDDO": {
            "@context": [
                "https://w3id.org/did/v1"
            ],
            "id": "",
            "nftAddress": "",
            "version": "4.1.0",
            "chainId": 80001,
            "metadata": {
                "created": "2021-12-20T14:35:20Z",
                "updated": "2021-12-20T14:35:20Z",
                "type": "dataset",
                "name": "ocean-cli demo asset",
                "symbol": "OCEAN-NFT",
                "description": "asset published using ocean cli tool",
                "tags": [
                    "updatedTag"
                ],
                "author": "oceanprotocol",
                "license": "https://market.oceanprotocol.com/terms",
                "additionalInformation": {
                    "termsAndConditions": true
                }
            },
            "services": [
                {
                    "id": "ccb398c50d6abd5b456e8d7242bd856a1767a890b537c2f8c10ba8b8a10e6025",
                    "type": "access",
                    "files": {
                        "datatokenAddress": "0x0",
                        "nftAddress": "0x0",
                        "files": [
                            {
                                "type": "url",
                                "url": "https://dumps.wikimedia.org/enwiki/latest/enwiki-latest-abstract10.xml.gz-rss.xml",
                                "method": "GET"
                            }
                        ]
                    },
                    "datatokenAddress": "",
                    "serviceEndpoint": "https://v4.provider.oceanprotocol.com",
                    "timeout": 86400
                }
            ],
            "event": {},
            "nft": {
                "address": "",
                "name": "Ocean Data NFT",
                "symbol": "OCEAN-NFT",
                "state": 5,
                "tokenURI": "",
                "owner": "",
                "created": ""
            },
            "purgatory": {
                "state": false
            },
            "datatokens": [],
            "stats": {
                "allocated": 0,
                "orders": 0,
                "price": {
                    "value": "2"
                }
            }
        }
    }
}